--------------------------------------------------------
-- Archivo creado  - viernes-junio-05-2026   
--------------------------------------------------------
--------------------------------------------------------
--  DDL for Table BANCO
--------------------------------------------------------

  CREATE TABLE "DGOMEZTAGLEGCAJERO"."BANCO" 
   (	"IDBANCO" NUMBER GENERATED ALWAYS AS IDENTITY MINVALUE 1 MAXVALUE 9999999999999999999999999999 INCREMENT BY 1 START WITH 1 CACHE 20 NOORDER  NOCYCLE  NOKEEP  NOSCALE , 
	"NOMBRE" VARCHAR2(50 BYTE)
   ) SEGMENT CREATION IMMEDIATE 
  PCTFREE 10 PCTUSED 40 INITRANS 1 MAXTRANS 255 
 NOCOMPRESS LOGGING
  STORAGE(INITIAL 65536 NEXT 1048576 MINEXTENTS 1 MAXEXTENTS 2147483645
  PCTINCREASE 0 FREELISTS 1 FREELIST GROUPS 1
  BUFFER_POOL DEFAULT FLASH_CACHE DEFAULT CELL_FLASH_CACHE DEFAULT)
  TABLESPACE "USERS" ;
--------------------------------------------------------
--  DDL for Table CAJERO
--------------------------------------------------------

  CREATE TABLE "DGOMEZTAGLEGCAJERO"."CAJERO" 
   (	"IDCAJERO" NUMBER GENERATED ALWAYS AS IDENTITY MINVALUE 1 MAXVALUE 9999999999999999999999999999 INCREMENT BY 1 START WITH 1 CACHE 20 NOORDER  NOCYCLE  NOKEEP  NOSCALE , 
	"UBICACION" VARCHAR2(50 BYTE), 
	"ESTADO" VARCHAR2(50 BYTE)
   ) SEGMENT CREATION IMMEDIATE 
  PCTFREE 10 PCTUSED 40 INITRANS 1 MAXTRANS 255 
 NOCOMPRESS LOGGING
  STORAGE(INITIAL 65536 NEXT 1048576 MINEXTENTS 1 MAXEXTENTS 2147483645
  PCTINCREASE 0 FREELISTS 1 FREELIST GROUPS 1
  BUFFER_POOL DEFAULT FLASH_CACHE DEFAULT CELL_FLASH_CACHE DEFAULT)
  TABLESPACE "USERS" ;
--------------------------------------------------------
--  DDL for Table CUENTA
--------------------------------------------------------

  CREATE TABLE "DGOMEZTAGLEGCAJERO"."CUENTA" 
   (	"IDCUENTA" NUMBER GENERATED ALWAYS AS IDENTITY MINVALUE 1 MAXVALUE 9999999999999999999999999999 INCREMENT BY 1 START WITH 1 CACHE 20 NOORDER  NOCYCLE  NOKEEP  NOSCALE , 
	"IDUSUARIO" NUMBER, 
	"IDBANCO" NUMBER, 
	"NUMCUENTA" NUMBER, 
	"SALDO" NUMBER
   ) SEGMENT CREATION IMMEDIATE 
  PCTFREE 10 PCTUSED 40 INITRANS 1 MAXTRANS 255 
 NOCOMPRESS LOGGING
  STORAGE(INITIAL 65536 NEXT 1048576 MINEXTENTS 1 MAXEXTENTS 2147483645
  PCTINCREASE 0 FREELISTS 1 FREELIST GROUPS 1
  BUFFER_POOL DEFAULT FLASH_CACHE DEFAULT CELL_FLASH_CACHE DEFAULT)
  TABLESPACE "USERS" ;
--------------------------------------------------------
--  DDL for Table DENOMINACION
--------------------------------------------------------

  CREATE TABLE "DGOMEZTAGLEGCAJERO"."DENOMINACION" 
   (	"IDDENOMINACION" NUMBER GENERATED ALWAYS AS IDENTITY MINVALUE 1 MAXVALUE 9999999999999999999999999999 INCREMENT BY 1 START WITH 1 CACHE 20 NOORDER  NOCYCLE  NOKEEP  NOSCALE , 
	"TIPO" VARCHAR2(30 BYTE), 
	"DENOMINACION" NUMBER
   ) SEGMENT CREATION IMMEDIATE 
  PCTFREE 10 PCTUSED 40 INITRANS 1 MAXTRANS 255 
 NOCOMPRESS LOGGING
  STORAGE(INITIAL 65536 NEXT 1048576 MINEXTENTS 1 MAXEXTENTS 2147483645
  PCTINCREASE 0 FREELISTS 1 FREELIST GROUPS 1
  BUFFER_POOL DEFAULT FLASH_CACHE DEFAULT CELL_FLASH_CACHE DEFAULT)
  TABLESPACE "USERS" ;
--------------------------------------------------------
--  DDL for Table DETALLECAJERO
--------------------------------------------------------

  CREATE TABLE "DGOMEZTAGLEGCAJERO"."DETALLECAJERO" 
   (	"IDDETALLECAJERO" NUMBER GENERATED ALWAYS AS IDENTITY MINVALUE 1 MAXVALUE 9999999999999999999999999999 INCREMENT BY 1 START WITH 1 CACHE 20 NOORDER  NOCYCLE  NOKEEP  NOSCALE , 
	"IDCAJERO" NUMBER, 
	"IDDENOMINACION" NUMBER, 
	"CANTIDADDISPONIBLE" NUMBER
   ) SEGMENT CREATION IMMEDIATE 
  PCTFREE 10 PCTUSED 40 INITRANS 1 MAXTRANS 255 
 NOCOMPRESS LOGGING
  STORAGE(INITIAL 65536 NEXT 1048576 MINEXTENTS 1 MAXEXTENTS 2147483645
  PCTINCREASE 0 FREELISTS 1 FREELIST GROUPS 1
  BUFFER_POOL DEFAULT FLASH_CACHE DEFAULT CELL_FLASH_CACHE DEFAULT)
  TABLESPACE "USERS" ;
--------------------------------------------------------
--  DDL for Table DETALLETRANSACCION
--------------------------------------------------------

  CREATE TABLE "DGOMEZTAGLEGCAJERO"."DETALLETRANSACCION" 
   (	"IDDETALLETRANSACCION" NUMBER GENERATED ALWAYS AS IDENTITY MINVALUE 1 MAXVALUE 9999999999999999999999999999 INCREMENT BY 1 START WITH 1 CACHE 20 NOORDER  NOCYCLE  NOKEEP  NOSCALE , 
	"IDTRANSACCION" NUMBER, 
	"IDDENOMINACION" NUMBER, 
	"CANTIDADENTREGADA" NUMBER
   ) SEGMENT CREATION IMMEDIATE 
  PCTFREE 10 PCTUSED 40 INITRANS 1 MAXTRANS 255 
 NOCOMPRESS LOGGING
  STORAGE(INITIAL 65536 NEXT 1048576 MINEXTENTS 1 MAXEXTENTS 2147483645
  PCTINCREASE 0 FREELISTS 1 FREELIST GROUPS 1
  BUFFER_POOL DEFAULT FLASH_CACHE DEFAULT CELL_FLASH_CACHE DEFAULT)
  TABLESPACE "USERS" ;
--------------------------------------------------------
--  DDL for Table RANGO
--------------------------------------------------------

  CREATE TABLE "DGOMEZTAGLEGCAJERO"."RANGO" 
   (	"IDRANGO" NUMBER GENERATED ALWAYS AS IDENTITY MINVALUE 1 MAXVALUE 9999999999999999999999999999 INCREMENT BY 1 START WITH 1 CACHE 20 NOORDER  NOCYCLE  NOKEEP  NOSCALE , 
	"NOMBRE" VARCHAR2(50 BYTE), 
	"MINRETIRO" NUMBER, 
	"MAXRETIRO" NUMBER
   ) SEGMENT CREATION IMMEDIATE 
  PCTFREE 10 PCTUSED 40 INITRANS 1 MAXTRANS 255 
 NOCOMPRESS LOGGING
  STORAGE(INITIAL 65536 NEXT 1048576 MINEXTENTS 1 MAXEXTENTS 2147483645
  PCTINCREASE 0 FREELISTS 1 FREELIST GROUPS 1
  BUFFER_POOL DEFAULT FLASH_CACHE DEFAULT CELL_FLASH_CACHE DEFAULT)
  TABLESPACE "USERS" ;
--------------------------------------------------------
--  DDL for Table TARJETA
--------------------------------------------------------

  CREATE TABLE "DGOMEZTAGLEGCAJERO"."TARJETA" 
   (	"IDTARJETA" NUMBER GENERATED ALWAYS AS IDENTITY MINVALUE 1 MAXVALUE 9999999999999999999999999999 INCREMENT BY 1 START WITH 1 CACHE 20 NOORDER  NOCYCLE  NOKEEP  NOSCALE , 
	"IDUSUARIO" NUMBER, 
	"IDRANGO" NUMBER, 
	"IDBANCO" NUMBER, 
	"NUMTARJETA" VARCHAR2(200 BYTE), 
	"PIN" VARCHAR2(200 BYTE), 
	"FECHAVENCIMIENTO" DATE, 
	"STATUS_TARJETA" NUMBER
   ) SEGMENT CREATION IMMEDIATE 
  PCTFREE 10 PCTUSED 40 INITRANS 1 MAXTRANS 255 
 NOCOMPRESS LOGGING
  STORAGE(INITIAL 65536 NEXT 1048576 MINEXTENTS 1 MAXEXTENTS 2147483645
  PCTINCREASE 0 FREELISTS 1 FREELIST GROUPS 1
  BUFFER_POOL DEFAULT FLASH_CACHE DEFAULT CELL_FLASH_CACHE DEFAULT)
  TABLESPACE "USERS" ;
--------------------------------------------------------
--  DDL for Table TRANSACCION
--------------------------------------------------------

  CREATE TABLE "DGOMEZTAGLEGCAJERO"."TRANSACCION" 
   (	"IDTRANSACCION" NUMBER GENERATED ALWAYS AS IDENTITY MINVALUE 1 MAXVALUE 9999999999999999999999999999 INCREMENT BY 1 START WITH 1 CACHE 20 NOORDER  NOCYCLE  NOKEEP  NOSCALE , 
	"IDTARJETA" NUMBER, 
	"IDCAJERO" NUMBER, 
	"MONTO" NUMBER, 
	"FECHA" DATE, 
	"ESTADO" NUMBER
   ) SEGMENT CREATION IMMEDIATE 
  PCTFREE 10 PCTUSED 40 INITRANS 1 MAXTRANS 255 
 NOCOMPRESS LOGGING
  STORAGE(INITIAL 65536 NEXT 1048576 MINEXTENTS 1 MAXEXTENTS 2147483645
  PCTINCREASE 0 FREELISTS 1 FREELIST GROUPS 1
  BUFFER_POOL DEFAULT FLASH_CACHE DEFAULT CELL_FLASH_CACHE DEFAULT)
  TABLESPACE "USERS" ;
--------------------------------------------------------
--  DDL for Table USUARIO
--------------------------------------------------------

  CREATE TABLE "DGOMEZTAGLEGCAJERO"."USUARIO" 
   (	"IDUSUARIO" NUMBER GENERATED ALWAYS AS IDENTITY MINVALUE 1 MAXVALUE 9999999999999999999999999999 INCREMENT BY 1 START WITH 1 CACHE 20 NOORDER  NOCYCLE  NOKEEP  NOSCALE , 
	"NOMBRE" VARCHAR2(30 BYTE), 
	"APELLIDOPATERNO" VARCHAR2(30 BYTE), 
	"APELLIDOMATERNO" VARCHAR2(30 BYTE), 
	"CELUAR" VARCHAR2(20 BYTE), 
	"TELEFONO" VARCHAR2(20 BYTE), 
	"EMAIL" VARCHAR2(150 BYTE)
   ) SEGMENT CREATION IMMEDIATE 
  PCTFREE 10 PCTUSED 40 INITRANS 1 MAXTRANS 255 
 NOCOMPRESS LOGGING
  STORAGE(INITIAL 65536 NEXT 1048576 MINEXTENTS 1 MAXEXTENTS 2147483645
  PCTINCREASE 0 FREELISTS 1 FREELIST GROUPS 1
  BUFFER_POOL DEFAULT FLASH_CACHE DEFAULT CELL_FLASH_CACHE DEFAULT)
  TABLESPACE "USERS" ;
REM INSERTING into DGOMEZTAGLEGCAJERO.BANCO
SET DEFINE OFF;
Insert into DGOMEZTAGLEGCAJERO.BANCO (IDBANCO,NOMBRE) values (1,'Banco Alfa');
Insert into DGOMEZTAGLEGCAJERO.BANCO (IDBANCO,NOMBRE) values (2,'Banco Beta');
REM INSERTING into DGOMEZTAGLEGCAJERO.CAJERO
SET DEFINE OFF;
Insert into DGOMEZTAGLEGCAJERO.CAJERO (IDCAJERO,UBICACION,ESTADO) values (21,'Sucursal Nueva','Activo');
Insert into DGOMEZTAGLEGCAJERO.CAJERO (IDCAJERO,UBICACION,ESTADO) values (1,'Centro Comercial Plaza','Activo');
Insert into DGOMEZTAGLEGCAJERO.CAJERO (IDCAJERO,UBICACION,ESTADO) values (2,'Sucursal Avenida Central','Activo');
Insert into DGOMEZTAGLEGCAJERO.CAJERO (IDCAJERO,UBICACION,ESTADO) values (3,'Sucursal Calle Reforma','Activo');
Insert into DGOMEZTAGLEGCAJERO.CAJERO (IDCAJERO,UBICACION,ESTADO) values (41,'Melchor Ocampo','Activo');
Insert into DGOMEZTAGLEGCAJERO.CAJERO (IDCAJERO,UBICACION,ESTADO) values (27,'DIGIS','Activo');
Insert into DGOMEZTAGLEGCAJERO.CAJERO (IDCAJERO,UBICACION,ESTADO) values (28,'Reforma ','Activo');
Insert into DGOMEZTAGLEGCAJERO.CAJERO (IDCAJERO,UBICACION,ESTADO) values (4,'Rancho escondido','Activo');
REM INSERTING into DGOMEZTAGLEGCAJERO.CUENTA
SET DEFINE OFF;
Insert into DGOMEZTAGLEGCAJERO.CUENTA (IDCUENTA,IDUSUARIO,IDBANCO,NUMCUENTA,SALDO) values (65,71,1,32032198,0);
Insert into DGOMEZTAGLEGCAJERO.CUENTA (IDCUENTA,IDUSUARIO,IDBANCO,NUMCUENTA,SALDO) values (21,21,1,95581832,2500);
Insert into DGOMEZTAGLEGCAJERO.CUENTA (IDCUENTA,IDUSUARIO,IDBANCO,NUMCUENTA,SALDO) values (22,22,1,50402834,2500);
Insert into DGOMEZTAGLEGCAJERO.CUENTA (IDCUENTA,IDUSUARIO,IDBANCO,NUMCUENTA,SALDO) values (47,48,1,88859621,2500.5);
Insert into DGOMEZTAGLEGCAJERO.CUENTA (IDCUENTA,IDUSUARIO,IDBANCO,NUMCUENTA,SALDO) values (48,49,1,43143556,2500.5);
Insert into DGOMEZTAGLEGCAJERO.CUENTA (IDCUENTA,IDUSUARIO,IDBANCO,NUMCUENTA,SALDO) values (62,68,1,34311644,500.5);
Insert into DGOMEZTAGLEGCAJERO.CUENTA (IDCUENTA,IDUSUARIO,IDBANCO,NUMCUENTA,SALDO) values (64,70,1,49455160,2500.5);
Insert into DGOMEZTAGLEGCAJERO.CUENTA (IDCUENTA,IDUSUARIO,IDBANCO,NUMCUENTA,SALDO) values (81,81,2,82384018,15000);
Insert into DGOMEZTAGLEGCAJERO.CUENTA (IDCUENTA,IDUSUARIO,IDBANCO,NUMCUENTA,SALDO) values (1,1,1,123456789,2956.5);
Insert into DGOMEZTAGLEGCAJERO.CUENTA (IDCUENTA,IDUSUARIO,IDBANCO,NUMCUENTA,SALDO) values (2,2,2,987654321,0);
Insert into DGOMEZTAGLEGCAJERO.CUENTA (IDCUENTA,IDUSUARIO,IDBANCO,NUMCUENTA,SALDO) values (50,55,null,97206642,null);
Insert into DGOMEZTAGLEGCAJERO.CUENTA (IDCUENTA,IDUSUARIO,IDBANCO,NUMCUENTA,SALDO) values (51,57,1,76452978,1500.5);
Insert into DGOMEZTAGLEGCAJERO.CUENTA (IDCUENTA,IDUSUARIO,IDBANCO,NUMCUENTA,SALDO) values (52,58,1,72091010,1500.5);
Insert into DGOMEZTAGLEGCAJERO.CUENTA (IDCUENTA,IDUSUARIO,IDBANCO,NUMCUENTA,SALDO) values (53,59,1,38622361,1500.5);
Insert into DGOMEZTAGLEGCAJERO.CUENTA (IDCUENTA,IDUSUARIO,IDBANCO,NUMCUENTA,SALDO) values (54,60,1,31340246,1250);
Insert into DGOMEZTAGLEGCAJERO.CUENTA (IDCUENTA,IDUSUARIO,IDBANCO,NUMCUENTA,SALDO) values (55,61,1,59074963,1250);
Insert into DGOMEZTAGLEGCAJERO.CUENTA (IDCUENTA,IDUSUARIO,IDBANCO,NUMCUENTA,SALDO) values (56,62,1,72601168,580.5);
Insert into DGOMEZTAGLEGCAJERO.CUENTA (IDCUENTA,IDUSUARIO,IDBANCO,NUMCUENTA,SALDO) values (57,63,1,49799300,37000);
Insert into DGOMEZTAGLEGCAJERO.CUENTA (IDCUENTA,IDUSUARIO,IDBANCO,NUMCUENTA,SALDO) values (58,64,1,41162261,1250.5);
Insert into DGOMEZTAGLEGCAJERO.CUENTA (IDCUENTA,IDUSUARIO,IDBANCO,NUMCUENTA,SALDO) values (59,65,2,31878709,15000);
Insert into DGOMEZTAGLEGCAJERO.CUENTA (IDCUENTA,IDUSUARIO,IDBANCO,NUMCUENTA,SALDO) values (60,66,1,81037458,15000);
Insert into DGOMEZTAGLEGCAJERO.CUENTA (IDCUENTA,IDUSUARIO,IDBANCO,NUMCUENTA,SALDO) values (61,67,null,90580493,null);
Insert into DGOMEZTAGLEGCAJERO.CUENTA (IDCUENTA,IDUSUARIO,IDBANCO,NUMCUENTA,SALDO) values (63,69,null,92979334,null);
Insert into DGOMEZTAGLEGCAJERO.CUENTA (IDCUENTA,IDUSUARIO,IDBANCO,NUMCUENTA,SALDO) values (66,72,2,75264786,0);
Insert into DGOMEZTAGLEGCAJERO.CUENTA (IDCUENTA,IDUSUARIO,IDBANCO,NUMCUENTA,SALDO) values (67,73,2,72180034,12550);
Insert into DGOMEZTAGLEGCAJERO.CUENTA (IDCUENTA,IDUSUARIO,IDBANCO,NUMCUENTA,SALDO) values (101,101,1,98783597,37000);
REM INSERTING into DGOMEZTAGLEGCAJERO.DENOMINACION
SET DEFINE OFF;
Insert into DGOMEZTAGLEGCAJERO.DENOMINACION (IDDENOMINACION,TIPO,DENOMINACION) values (1,'Billete',1000);
Insert into DGOMEZTAGLEGCAJERO.DENOMINACION (IDDENOMINACION,TIPO,DENOMINACION) values (2,'Billete',500);
Insert into DGOMEZTAGLEGCAJERO.DENOMINACION (IDDENOMINACION,TIPO,DENOMINACION) values (3,'Billete',200);
Insert into DGOMEZTAGLEGCAJERO.DENOMINACION (IDDENOMINACION,TIPO,DENOMINACION) values (4,'Billete',100);
Insert into DGOMEZTAGLEGCAJERO.DENOMINACION (IDDENOMINACION,TIPO,DENOMINACION) values (5,'Moneda',50);
Insert into DGOMEZTAGLEGCAJERO.DENOMINACION (IDDENOMINACION,TIPO,DENOMINACION) values (6,'Moneda',20);
Insert into DGOMEZTAGLEGCAJERO.DENOMINACION (IDDENOMINACION,TIPO,DENOMINACION) values (7,'Moneda',10);
Insert into DGOMEZTAGLEGCAJERO.DENOMINACION (IDDENOMINACION,TIPO,DENOMINACION) values (8,'Moneda',5);
Insert into DGOMEZTAGLEGCAJERO.DENOMINACION (IDDENOMINACION,TIPO,DENOMINACION) values (9,'Moneda',2);
Insert into DGOMEZTAGLEGCAJERO.DENOMINACION (IDDENOMINACION,TIPO,DENOMINACION) values (10,'Moneda',1);
Insert into DGOMEZTAGLEGCAJERO.DENOMINACION (IDDENOMINACION,TIPO,DENOMINACION) values (11,'Moneda',0.5);
REM INSERTING into DGOMEZTAGLEGCAJERO.DETALLECAJERO
SET DEFINE OFF;
Insert into DGOMEZTAGLEGCAJERO.DETALLECAJERO (IDDETALLECAJERO,IDCAJERO,IDDENOMINACION,CANTIDADDISPONIBLE) values (41,21,1,0);
Insert into DGOMEZTAGLEGCAJERO.DETALLECAJERO (IDDETALLECAJERO,IDCAJERO,IDDENOMINACION,CANTIDADDISPONIBLE) values (42,21,2,0);
Insert into DGOMEZTAGLEGCAJERO.DETALLECAJERO (IDDETALLECAJERO,IDCAJERO,IDDENOMINACION,CANTIDADDISPONIBLE) values (43,21,3,0);
Insert into DGOMEZTAGLEGCAJERO.DETALLECAJERO (IDDETALLECAJERO,IDCAJERO,IDDENOMINACION,CANTIDADDISPONIBLE) values (44,21,4,0);
Insert into DGOMEZTAGLEGCAJERO.DETALLECAJERO (IDDETALLECAJERO,IDCAJERO,IDDENOMINACION,CANTIDADDISPONIBLE) values (45,21,5,0);
Insert into DGOMEZTAGLEGCAJERO.DETALLECAJERO (IDDETALLECAJERO,IDCAJERO,IDDENOMINACION,CANTIDADDISPONIBLE) values (46,21,6,0);
Insert into DGOMEZTAGLEGCAJERO.DETALLECAJERO (IDDETALLECAJERO,IDCAJERO,IDDENOMINACION,CANTIDADDISPONIBLE) values (47,21,7,0);
Insert into DGOMEZTAGLEGCAJERO.DETALLECAJERO (IDDETALLECAJERO,IDCAJERO,IDDENOMINACION,CANTIDADDISPONIBLE) values (48,21,8,0);
Insert into DGOMEZTAGLEGCAJERO.DETALLECAJERO (IDDETALLECAJERO,IDCAJERO,IDDENOMINACION,CANTIDADDISPONIBLE) values (49,21,9,0);
Insert into DGOMEZTAGLEGCAJERO.DETALLECAJERO (IDDETALLECAJERO,IDCAJERO,IDDENOMINACION,CANTIDADDISPONIBLE) values (50,21,10,0);
Insert into DGOMEZTAGLEGCAJERO.DETALLECAJERO (IDDETALLECAJERO,IDCAJERO,IDDENOMINACION,CANTIDADDISPONIBLE) values (51,21,11,100);
Insert into DGOMEZTAGLEGCAJERO.DETALLECAJERO (IDDETALLECAJERO,IDCAJERO,IDDENOMINACION,CANTIDADDISPONIBLE) values (1,1,4,499);
Insert into DGOMEZTAGLEGCAJERO.DETALLECAJERO (IDDETALLECAJERO,IDCAJERO,IDDENOMINACION,CANTIDADDISPONIBLE) values (2,1,3,299);
Insert into DGOMEZTAGLEGCAJERO.DETALLECAJERO (IDDETALLECAJERO,IDCAJERO,IDDENOMINACION,CANTIDADDISPONIBLE) values (3,1,2,105);
Insert into DGOMEZTAGLEGCAJERO.DETALLECAJERO (IDDETALLECAJERO,IDCAJERO,IDDENOMINACION,CANTIDADDISPONIBLE) values (4,2,1,0);
Insert into DGOMEZTAGLEGCAJERO.DETALLECAJERO (IDDETALLECAJERO,IDCAJERO,IDDENOMINACION,CANTIDADDISPONIBLE) values (5,2,2,0);
Insert into DGOMEZTAGLEGCAJERO.DETALLECAJERO (IDDETALLECAJERO,IDCAJERO,IDDENOMINACION,CANTIDADDISPONIBLE) values (6,2,3,0);
Insert into DGOMEZTAGLEGCAJERO.DETALLECAJERO (IDDETALLECAJERO,IDCAJERO,IDDENOMINACION,CANTIDADDISPONIBLE) values (7,2,4,0);
Insert into DGOMEZTAGLEGCAJERO.DETALLECAJERO (IDDETALLECAJERO,IDCAJERO,IDDENOMINACION,CANTIDADDISPONIBLE) values (8,2,5,0);
Insert into DGOMEZTAGLEGCAJERO.DETALLECAJERO (IDDETALLECAJERO,IDCAJERO,IDDENOMINACION,CANTIDADDISPONIBLE) values (9,2,6,0);
Insert into DGOMEZTAGLEGCAJERO.DETALLECAJERO (IDDETALLECAJERO,IDCAJERO,IDDENOMINACION,CANTIDADDISPONIBLE) values (10,2,7,0);
Insert into DGOMEZTAGLEGCAJERO.DETALLECAJERO (IDDETALLECAJERO,IDCAJERO,IDDENOMINACION,CANTIDADDISPONIBLE) values (11,2,8,0);
Insert into DGOMEZTAGLEGCAJERO.DETALLECAJERO (IDDETALLECAJERO,IDCAJERO,IDDENOMINACION,CANTIDADDISPONIBLE) values (12,2,9,100);
Insert into DGOMEZTAGLEGCAJERO.DETALLECAJERO (IDDETALLECAJERO,IDCAJERO,IDDENOMINACION,CANTIDADDISPONIBLE) values (13,2,10,300);
Insert into DGOMEZTAGLEGCAJERO.DETALLECAJERO (IDDETALLECAJERO,IDCAJERO,IDDENOMINACION,CANTIDADDISPONIBLE) values (14,2,11,100);
Insert into DGOMEZTAGLEGCAJERO.DETALLECAJERO (IDDETALLECAJERO,IDCAJERO,IDDENOMINACION,CANTIDADDISPONIBLE) values (15,3,1,0);
Insert into DGOMEZTAGLEGCAJERO.DETALLECAJERO (IDDETALLECAJERO,IDCAJERO,IDDENOMINACION,CANTIDADDISPONIBLE) values (16,3,2,0);
Insert into DGOMEZTAGLEGCAJERO.DETALLECAJERO (IDDETALLECAJERO,IDCAJERO,IDDENOMINACION,CANTIDADDISPONIBLE) values (17,3,3,0);
Insert into DGOMEZTAGLEGCAJERO.DETALLECAJERO (IDDETALLECAJERO,IDCAJERO,IDDENOMINACION,CANTIDADDISPONIBLE) values (18,3,4,0);
Insert into DGOMEZTAGLEGCAJERO.DETALLECAJERO (IDDETALLECAJERO,IDCAJERO,IDDENOMINACION,CANTIDADDISPONIBLE) values (19,3,5,1);
Insert into DGOMEZTAGLEGCAJERO.DETALLECAJERO (IDDETALLECAJERO,IDCAJERO,IDDENOMINACION,CANTIDADDISPONIBLE) values (20,3,6,38);
Insert into DGOMEZTAGLEGCAJERO.DETALLECAJERO (IDDETALLECAJERO,IDCAJERO,IDDENOMINACION,CANTIDADDISPONIBLE) values (21,3,7,50);
Insert into DGOMEZTAGLEGCAJERO.DETALLECAJERO (IDDETALLECAJERO,IDCAJERO,IDDENOMINACION,CANTIDADDISPONIBLE) values (22,3,8,100);
Insert into DGOMEZTAGLEGCAJERO.DETALLECAJERO (IDDETALLECAJERO,IDCAJERO,IDDENOMINACION,CANTIDADDISPONIBLE) values (23,3,9,199);
Insert into DGOMEZTAGLEGCAJERO.DETALLECAJERO (IDDETALLECAJERO,IDCAJERO,IDDENOMINACION,CANTIDADDISPONIBLE) values (24,3,10,299);
Insert into DGOMEZTAGLEGCAJERO.DETALLECAJERO (IDDETALLECAJERO,IDCAJERO,IDDENOMINACION,CANTIDADDISPONIBLE) values (25,3,11,99);
Insert into DGOMEZTAGLEGCAJERO.DETALLECAJERO (IDDETALLECAJERO,IDCAJERO,IDDENOMINACION,CANTIDADDISPONIBLE) values (107,27,1,2);
Insert into DGOMEZTAGLEGCAJERO.DETALLECAJERO (IDDETALLECAJERO,IDCAJERO,IDDENOMINACION,CANTIDADDISPONIBLE) values (108,27,2,5);
Insert into DGOMEZTAGLEGCAJERO.DETALLECAJERO (IDDETALLECAJERO,IDCAJERO,IDDENOMINACION,CANTIDADDISPONIBLE) values (109,27,3,9);
Insert into DGOMEZTAGLEGCAJERO.DETALLECAJERO (IDDETALLECAJERO,IDCAJERO,IDDENOMINACION,CANTIDADDISPONIBLE) values (110,27,4,19);
Insert into DGOMEZTAGLEGCAJERO.DETALLECAJERO (IDDETALLECAJERO,IDCAJERO,IDDENOMINACION,CANTIDADDISPONIBLE) values (111,27,5,29);
Insert into DGOMEZTAGLEGCAJERO.DETALLECAJERO (IDDETALLECAJERO,IDCAJERO,IDDENOMINACION,CANTIDADDISPONIBLE) values (112,27,6,40);
Insert into DGOMEZTAGLEGCAJERO.DETALLECAJERO (IDDETALLECAJERO,IDCAJERO,IDDENOMINACION,CANTIDADDISPONIBLE) values (113,27,7,49);
Insert into DGOMEZTAGLEGCAJERO.DETALLECAJERO (IDDETALLECAJERO,IDCAJERO,IDDENOMINACION,CANTIDADDISPONIBLE) values (114,27,8,99);
Insert into DGOMEZTAGLEGCAJERO.DETALLECAJERO (IDDETALLECAJERO,IDCAJERO,IDDENOMINACION,CANTIDADDISPONIBLE) values (115,27,9,198);
Insert into DGOMEZTAGLEGCAJERO.DETALLECAJERO (IDDETALLECAJERO,IDCAJERO,IDDENOMINACION,CANTIDADDISPONIBLE) values (116,27,10,300);
Insert into DGOMEZTAGLEGCAJERO.DETALLECAJERO (IDDETALLECAJERO,IDCAJERO,IDDENOMINACION,CANTIDADDISPONIBLE) values (117,27,11,99);
Insert into DGOMEZTAGLEGCAJERO.DETALLECAJERO (IDDETALLECAJERO,IDCAJERO,IDDENOMINACION,CANTIDADDISPONIBLE) values (118,28,1,2);
Insert into DGOMEZTAGLEGCAJERO.DETALLECAJERO (IDDETALLECAJERO,IDCAJERO,IDDENOMINACION,CANTIDADDISPONIBLE) values (119,28,2,5);
Insert into DGOMEZTAGLEGCAJERO.DETALLECAJERO (IDDETALLECAJERO,IDCAJERO,IDDENOMINACION,CANTIDADDISPONIBLE) values (120,28,3,10);
Insert into DGOMEZTAGLEGCAJERO.DETALLECAJERO (IDDETALLECAJERO,IDCAJERO,IDDENOMINACION,CANTIDADDISPONIBLE) values (121,28,4,20);
Insert into DGOMEZTAGLEGCAJERO.DETALLECAJERO (IDDETALLECAJERO,IDCAJERO,IDDENOMINACION,CANTIDADDISPONIBLE) values (122,28,5,30);
Insert into DGOMEZTAGLEGCAJERO.DETALLECAJERO (IDDETALLECAJERO,IDCAJERO,IDDENOMINACION,CANTIDADDISPONIBLE) values (123,28,6,40);
Insert into DGOMEZTAGLEGCAJERO.DETALLECAJERO (IDDETALLECAJERO,IDCAJERO,IDDENOMINACION,CANTIDADDISPONIBLE) values (124,28,7,50);
Insert into DGOMEZTAGLEGCAJERO.DETALLECAJERO (IDDETALLECAJERO,IDCAJERO,IDDENOMINACION,CANTIDADDISPONIBLE) values (125,28,8,100);
Insert into DGOMEZTAGLEGCAJERO.DETALLECAJERO (IDDETALLECAJERO,IDCAJERO,IDDENOMINACION,CANTIDADDISPONIBLE) values (126,28,9,200);
Insert into DGOMEZTAGLEGCAJERO.DETALLECAJERO (IDDETALLECAJERO,IDCAJERO,IDDENOMINACION,CANTIDADDISPONIBLE) values (127,28,10,300);
Insert into DGOMEZTAGLEGCAJERO.DETALLECAJERO (IDDETALLECAJERO,IDCAJERO,IDDENOMINACION,CANTIDADDISPONIBLE) values (128,28,11,100);
Insert into DGOMEZTAGLEGCAJERO.DETALLECAJERO (IDDETALLECAJERO,IDCAJERO,IDDENOMINACION,CANTIDADDISPONIBLE) values (141,41,1,2);
Insert into DGOMEZTAGLEGCAJERO.DETALLECAJERO (IDDETALLECAJERO,IDCAJERO,IDDENOMINACION,CANTIDADDISPONIBLE) values (142,41,2,5);
Insert into DGOMEZTAGLEGCAJERO.DETALLECAJERO (IDDETALLECAJERO,IDCAJERO,IDDENOMINACION,CANTIDADDISPONIBLE) values (143,41,3,10);
Insert into DGOMEZTAGLEGCAJERO.DETALLECAJERO (IDDETALLECAJERO,IDCAJERO,IDDENOMINACION,CANTIDADDISPONIBLE) values (144,41,4,20);
Insert into DGOMEZTAGLEGCAJERO.DETALLECAJERO (IDDETALLECAJERO,IDCAJERO,IDDENOMINACION,CANTIDADDISPONIBLE) values (145,41,5,30);
Insert into DGOMEZTAGLEGCAJERO.DETALLECAJERO (IDDETALLECAJERO,IDCAJERO,IDDENOMINACION,CANTIDADDISPONIBLE) values (146,41,6,40);
Insert into DGOMEZTAGLEGCAJERO.DETALLECAJERO (IDDETALLECAJERO,IDCAJERO,IDDENOMINACION,CANTIDADDISPONIBLE) values (147,41,7,50);
Insert into DGOMEZTAGLEGCAJERO.DETALLECAJERO (IDDETALLECAJERO,IDCAJERO,IDDENOMINACION,CANTIDADDISPONIBLE) values (148,41,8,100);
Insert into DGOMEZTAGLEGCAJERO.DETALLECAJERO (IDDETALLECAJERO,IDCAJERO,IDDENOMINACION,CANTIDADDISPONIBLE) values (149,41,9,200);
Insert into DGOMEZTAGLEGCAJERO.DETALLECAJERO (IDDETALLECAJERO,IDCAJERO,IDDENOMINACION,CANTIDADDISPONIBLE) values (150,41,10,300);
Insert into DGOMEZTAGLEGCAJERO.DETALLECAJERO (IDDETALLECAJERO,IDCAJERO,IDDENOMINACION,CANTIDADDISPONIBLE) values (151,41,11,100);
Insert into DGOMEZTAGLEGCAJERO.DETALLECAJERO (IDDETALLECAJERO,IDCAJERO,IDDENOMINACION,CANTIDADDISPONIBLE) values (26,4,1,0);
Insert into DGOMEZTAGLEGCAJERO.DETALLECAJERO (IDDETALLECAJERO,IDCAJERO,IDDENOMINACION,CANTIDADDISPONIBLE) values (27,4,2,0);
Insert into DGOMEZTAGLEGCAJERO.DETALLECAJERO (IDDETALLECAJERO,IDCAJERO,IDDENOMINACION,CANTIDADDISPONIBLE) values (28,4,3,0);
Insert into DGOMEZTAGLEGCAJERO.DETALLECAJERO (IDDETALLECAJERO,IDCAJERO,IDDENOMINACION,CANTIDADDISPONIBLE) values (29,4,4,0);
Insert into DGOMEZTAGLEGCAJERO.DETALLECAJERO (IDDETALLECAJERO,IDCAJERO,IDDENOMINACION,CANTIDADDISPONIBLE) values (30,4,5,0);
Insert into DGOMEZTAGLEGCAJERO.DETALLECAJERO (IDDETALLECAJERO,IDCAJERO,IDDENOMINACION,CANTIDADDISPONIBLE) values (31,4,6,0);
Insert into DGOMEZTAGLEGCAJERO.DETALLECAJERO (IDDETALLECAJERO,IDCAJERO,IDDENOMINACION,CANTIDADDISPONIBLE) values (32,4,7,0);
Insert into DGOMEZTAGLEGCAJERO.DETALLECAJERO (IDDETALLECAJERO,IDCAJERO,IDDENOMINACION,CANTIDADDISPONIBLE) values (33,4,8,0);
Insert into DGOMEZTAGLEGCAJERO.DETALLECAJERO (IDDETALLECAJERO,IDCAJERO,IDDENOMINACION,CANTIDADDISPONIBLE) values (34,4,9,0);
Insert into DGOMEZTAGLEGCAJERO.DETALLECAJERO (IDDETALLECAJERO,IDCAJERO,IDDENOMINACION,CANTIDADDISPONIBLE) values (35,4,10,0);
Insert into DGOMEZTAGLEGCAJERO.DETALLECAJERO (IDDETALLECAJERO,IDCAJERO,IDDENOMINACION,CANTIDADDISPONIBLE) values (36,4,11,0);
REM INSERTING into DGOMEZTAGLEGCAJERO.DETALLETRANSACCION
SET DEFINE OFF;
Insert into DGOMEZTAGLEGCAJERO.DETALLETRANSACCION (IDDETALLETRANSACCION,IDTRANSACCION,IDDENOMINACION,CANTIDADENTREGADA) values (48,14,3,3);
Insert into DGOMEZTAGLEGCAJERO.DETALLETRANSACCION (IDDETALLETRANSACCION,IDTRANSACCION,IDDENOMINACION,CANTIDADENTREGADA) values (49,14,4,4);
Insert into DGOMEZTAGLEGCAJERO.DETALLETRANSACCION (IDDETALLETRANSACCION,IDTRANSACCION,IDDENOMINACION,CANTIDADENTREGADA) values (50,15,2,1);
Insert into DGOMEZTAGLEGCAJERO.DETALLETRANSACCION (IDDETALLETRANSACCION,IDTRANSACCION,IDDENOMINACION,CANTIDADENTREGADA) values (51,16,2,20);
Insert into DGOMEZTAGLEGCAJERO.DETALLETRANSACCION (IDDETALLETRANSACCION,IDTRANSACCION,IDDENOMINACION,CANTIDADENTREGADA) values (52,17,2,1);
Insert into DGOMEZTAGLEGCAJERO.DETALLETRANSACCION (IDDETALLETRANSACCION,IDTRANSACCION,IDDENOMINACION,CANTIDADENTREGADA) values (53,18,9,100);
Insert into DGOMEZTAGLEGCAJERO.DETALLETRANSACCION (IDDETALLETRANSACCION,IDTRANSACCION,IDDENOMINACION,CANTIDADENTREGADA) values (54,18,10,300);
Insert into DGOMEZTAGLEGCAJERO.DETALLETRANSACCION (IDDETALLETRANSACCION,IDTRANSACCION,IDDENOMINACION,CANTIDADENTREGADA) values (55,19,11,100);
Insert into DGOMEZTAGLEGCAJERO.DETALLETRANSACCION (IDDETALLETRANSACCION,IDTRANSACCION,IDDENOMINACION,CANTIDADENTREGADA) values (56,20,4,16);
Insert into DGOMEZTAGLEGCAJERO.DETALLETRANSACCION (IDDETALLETRANSACCION,IDTRANSACCION,IDDENOMINACION,CANTIDADENTREGADA) values (57,20,5,28);
Insert into DGOMEZTAGLEGCAJERO.DETALLETRANSACCION (IDDETALLETRANSACCION,IDTRANSACCION,IDDENOMINACION,CANTIDADENTREGADA) values (58,21,1,2);
Insert into DGOMEZTAGLEGCAJERO.DETALLETRANSACCION (IDDETALLETRANSACCION,IDTRANSACCION,IDDENOMINACION,CANTIDADENTREGADA) values (59,21,2,5);
Insert into DGOMEZTAGLEGCAJERO.DETALLETRANSACCION (IDDETALLETRANSACCION,IDTRANSACCION,IDDENOMINACION,CANTIDADENTREGADA) values (60,21,3,10);
Insert into DGOMEZTAGLEGCAJERO.DETALLETRANSACCION (IDDETALLETRANSACCION,IDTRANSACCION,IDDENOMINACION,CANTIDADENTREGADA) values (61,21,4,20);
Insert into DGOMEZTAGLEGCAJERO.DETALLETRANSACCION (IDDETALLETRANSACCION,IDTRANSACCION,IDDENOMINACION,CANTIDADENTREGADA) values (62,21,5,30);
Insert into DGOMEZTAGLEGCAJERO.DETALLETRANSACCION (IDDETALLETRANSACCION,IDTRANSACCION,IDDENOMINACION,CANTIDADENTREGADA) values (141,61,2,4);
Insert into DGOMEZTAGLEGCAJERO.DETALLETRANSACCION (IDDETALLETRANSACCION,IDTRANSACCION,IDDENOMINACION,CANTIDADENTREGADA) values (1,1,1,1);
Insert into DGOMEZTAGLEGCAJERO.DETALLETRANSACCION (IDDETALLETRANSACCION,IDTRANSACCION,IDDENOMINACION,CANTIDADENTREGADA) values (2,2,2,1);
Insert into DGOMEZTAGLEGCAJERO.DETALLETRANSACCION (IDDETALLETRANSACCION,IDTRANSACCION,IDDENOMINACION,CANTIDADENTREGADA) values (3,3,1,1);
Insert into DGOMEZTAGLEGCAJERO.DETALLETRANSACCION (IDDETALLETRANSACCION,IDTRANSACCION,IDDENOMINACION,CANTIDADENTREGADA) values (4,4,2,2);
Insert into DGOMEZTAGLEGCAJERO.DETALLETRANSACCION (IDDETALLETRANSACCION,IDTRANSACCION,IDDENOMINACION,CANTIDADENTREGADA) values (5,4,3,1);
Insert into DGOMEZTAGLEGCAJERO.DETALLETRANSACCION (IDDETALLETRANSACCION,IDTRANSACCION,IDDENOMINACION,CANTIDADENTREGADA) values (6,4,6,2);
Insert into DGOMEZTAGLEGCAJERO.DETALLETRANSACCION (IDDETALLETRANSACCION,IDTRANSACCION,IDDENOMINACION,CANTIDADENTREGADA) values (7,4,9,1);
Insert into DGOMEZTAGLEGCAJERO.DETALLETRANSACCION (IDDETALLETRANSACCION,IDTRANSACCION,IDDENOMINACION,CANTIDADENTREGADA) values (8,4,10,1);
Insert into DGOMEZTAGLEGCAJERO.DETALLETRANSACCION (IDDETALLETRANSACCION,IDTRANSACCION,IDDENOMINACION,CANTIDADENTREGADA) values (9,5,2,2);
Insert into DGOMEZTAGLEGCAJERO.DETALLETRANSACCION (IDDETALLETRANSACCION,IDTRANSACCION,IDDENOMINACION,CANTIDADENTREGADA) values (10,5,3,1);
Insert into DGOMEZTAGLEGCAJERO.DETALLETRANSACCION (IDDETALLETRANSACCION,IDTRANSACCION,IDDENOMINACION,CANTIDADENTREGADA) values (11,5,5,1);
Insert into DGOMEZTAGLEGCAJERO.DETALLETRANSACCION (IDDETALLETRANSACCION,IDTRANSACCION,IDDENOMINACION,CANTIDADENTREGADA) values (12,5,11,1);
Insert into DGOMEZTAGLEGCAJERO.DETALLETRANSACCION (IDDETALLETRANSACCION,IDTRANSACCION,IDDENOMINACION,CANTIDADENTREGADA) values (22,7,3,5);
Insert into DGOMEZTAGLEGCAJERO.DETALLETRANSACCION (IDDETALLETRANSACCION,IDTRANSACCION,IDDENOMINACION,CANTIDADENTREGADA) values (63,22,6,40);
Insert into DGOMEZTAGLEGCAJERO.DETALLETRANSACCION (IDDETALLETRANSACCION,IDTRANSACCION,IDDENOMINACION,CANTIDADENTREGADA) values (64,22,7,50);
Insert into DGOMEZTAGLEGCAJERO.DETALLETRANSACCION (IDDETALLETRANSACCION,IDTRANSACCION,IDDENOMINACION,CANTIDADENTREGADA) values (65,22,8,100);
Insert into DGOMEZTAGLEGCAJERO.DETALLETRANSACCION (IDDETALLETRANSACCION,IDTRANSACCION,IDDENOMINACION,CANTIDADENTREGADA) values (66,22,9,100);
Insert into DGOMEZTAGLEGCAJERO.DETALLETRANSACCION (IDDETALLETRANSACCION,IDTRANSACCION,IDDENOMINACION,CANTIDADENTREGADA) values (96,44,2,2);
Insert into DGOMEZTAGLEGCAJERO.DETALLETRANSACCION (IDDETALLETRANSACCION,IDTRANSACCION,IDDENOMINACION,CANTIDADENTREGADA) values (101,47,2,1);
Insert into DGOMEZTAGLEGCAJERO.DETALLETRANSACCION (IDDETALLETRANSACCION,IDTRANSACCION,IDDENOMINACION,CANTIDADENTREGADA) values (106,50,3,1);
Insert into DGOMEZTAGLEGCAJERO.DETALLETRANSACCION (IDDETALLETRANSACCION,IDTRANSACCION,IDDENOMINACION,CANTIDADENTREGADA) values (107,50,4,1);
Insert into DGOMEZTAGLEGCAJERO.DETALLETRANSACCION (IDDETALLETRANSACCION,IDTRANSACCION,IDDENOMINACION,CANTIDADENTREGADA) values (116,55,3,1);
Insert into DGOMEZTAGLEGCAJERO.DETALLETRANSACCION (IDDETALLETRANSACCION,IDTRANSACCION,IDDENOMINACION,CANTIDADENTREGADA) values (117,55,4,1);
Insert into DGOMEZTAGLEGCAJERO.DETALLETRANSACCION (IDDETALLETRANSACCION,IDTRANSACCION,IDDENOMINACION,CANTIDADENTREGADA) values (118,55,5,1);
Insert into DGOMEZTAGLEGCAJERO.DETALLETRANSACCION (IDDETALLETRANSACCION,IDTRANSACCION,IDDENOMINACION,CANTIDADENTREGADA) values (119,55,7,1);
Insert into DGOMEZTAGLEGCAJERO.DETALLETRANSACCION (IDDETALLETRANSACCION,IDTRANSACCION,IDDENOMINACION,CANTIDADENTREGADA) values (120,55,8,1);
Insert into DGOMEZTAGLEGCAJERO.DETALLETRANSACCION (IDDETALLETRANSACCION,IDTRANSACCION,IDDENOMINACION,CANTIDADENTREGADA) values (121,55,9,2);
Insert into DGOMEZTAGLEGCAJERO.DETALLETRANSACCION (IDDETALLETRANSACCION,IDTRANSACCION,IDDENOMINACION,CANTIDADENTREGADA) values (122,55,11,1);
Insert into DGOMEZTAGLEGCAJERO.DETALLETRANSACCION (IDDETALLETRANSACCION,IDTRANSACCION,IDDENOMINACION,CANTIDADENTREGADA) values (123,56,1,2);
Insert into DGOMEZTAGLEGCAJERO.DETALLETRANSACCION (IDDETALLETRANSACCION,IDTRANSACCION,IDDENOMINACION,CANTIDADENTREGADA) values (124,56,2,5);
Insert into DGOMEZTAGLEGCAJERO.DETALLETRANSACCION (IDDETALLETRANSACCION,IDTRANSACCION,IDDENOMINACION,CANTIDADENTREGADA) values (125,56,3,10);
Insert into DGOMEZTAGLEGCAJERO.DETALLETRANSACCION (IDDETALLETRANSACCION,IDTRANSACCION,IDDENOMINACION,CANTIDADENTREGADA) values (126,56,4,20);
Insert into DGOMEZTAGLEGCAJERO.DETALLETRANSACCION (IDDETALLETRANSACCION,IDTRANSACCION,IDDENOMINACION,CANTIDADENTREGADA) values (127,56,5,30);
Insert into DGOMEZTAGLEGCAJERO.DETALLETRANSACCION (IDDETALLETRANSACCION,IDTRANSACCION,IDDENOMINACION,CANTIDADENTREGADA) values (128,56,6,40);
Insert into DGOMEZTAGLEGCAJERO.DETALLETRANSACCION (IDDETALLETRANSACCION,IDTRANSACCION,IDDENOMINACION,CANTIDADENTREGADA) values (129,56,7,50);
Insert into DGOMEZTAGLEGCAJERO.DETALLETRANSACCION (IDDETALLETRANSACCION,IDTRANSACCION,IDDENOMINACION,CANTIDADENTREGADA) values (130,56,8,100);
Insert into DGOMEZTAGLEGCAJERO.DETALLETRANSACCION (IDDETALLETRANSACCION,IDTRANSACCION,IDDENOMINACION,CANTIDADENTREGADA) values (131,56,9,200);
Insert into DGOMEZTAGLEGCAJERO.DETALLETRANSACCION (IDDETALLETRANSACCION,IDTRANSACCION,IDDENOMINACION,CANTIDADENTREGADA) values (132,56,10,300);
Insert into DGOMEZTAGLEGCAJERO.DETALLETRANSACCION (IDDETALLETRANSACCION,IDTRANSACCION,IDDENOMINACION,CANTIDADENTREGADA) values (161,81,2,2);
Insert into DGOMEZTAGLEGCAJERO.DETALLETRANSACCION (IDDETALLETRANSACCION,IDTRANSACCION,IDDENOMINACION,CANTIDADENTREGADA) values (162,82,2,4);
Insert into DGOMEZTAGLEGCAJERO.DETALLETRANSACCION (IDDETALLETRANSACCION,IDTRANSACCION,IDDENOMINACION,CANTIDADENTREGADA) values (163,83,2,20);
Insert into DGOMEZTAGLEGCAJERO.DETALLETRANSACCION (IDDETALLETRANSACCION,IDTRANSACCION,IDDENOMINACION,CANTIDADENTREGADA) values (164,84,2,20);
Insert into DGOMEZTAGLEGCAJERO.DETALLETRANSACCION (IDDETALLETRANSACCION,IDTRANSACCION,IDDENOMINACION,CANTIDADENTREGADA) values (34,10,1,2);
Insert into DGOMEZTAGLEGCAJERO.DETALLETRANSACCION (IDDETALLETRANSACCION,IDTRANSACCION,IDDENOMINACION,CANTIDADENTREGADA) values (35,10,2,5);
Insert into DGOMEZTAGLEGCAJERO.DETALLETRANSACCION (IDDETALLETRANSACCION,IDTRANSACCION,IDDENOMINACION,CANTIDADENTREGADA) values (36,10,3,2);
Insert into DGOMEZTAGLEGCAJERO.DETALLETRANSACCION (IDDETALLETRANSACCION,IDTRANSACCION,IDDENOMINACION,CANTIDADENTREGADA) values (37,10,4,1);
Insert into DGOMEZTAGLEGCAJERO.DETALLETRANSACCION (IDDETALLETRANSACCION,IDTRANSACCION,IDDENOMINACION,CANTIDADENTREGADA) values (38,11,3,8);
Insert into DGOMEZTAGLEGCAJERO.DETALLETRANSACCION (IDDETALLETRANSACCION,IDTRANSACCION,IDDENOMINACION,CANTIDADENTREGADA) values (39,11,4,19);
Insert into DGOMEZTAGLEGCAJERO.DETALLETRANSACCION (IDDETALLETRANSACCION,IDTRANSACCION,IDDENOMINACION,CANTIDADENTREGADA) values (40,11,5,30);
Insert into DGOMEZTAGLEGCAJERO.DETALLETRANSACCION (IDDETALLETRANSACCION,IDTRANSACCION,IDDENOMINACION,CANTIDADENTREGADA) values (41,12,6,40);
Insert into DGOMEZTAGLEGCAJERO.DETALLETRANSACCION (IDDETALLETRANSACCION,IDTRANSACCION,IDDENOMINACION,CANTIDADENTREGADA) values (42,12,7,50);
Insert into DGOMEZTAGLEGCAJERO.DETALLETRANSACCION (IDDETALLETRANSACCION,IDTRANSACCION,IDDENOMINACION,CANTIDADENTREGADA) values (43,12,8,100);
Insert into DGOMEZTAGLEGCAJERO.DETALLETRANSACCION (IDDETALLETRANSACCION,IDTRANSACCION,IDDENOMINACION,CANTIDADENTREGADA) values (44,12,9,100);
Insert into DGOMEZTAGLEGCAJERO.DETALLETRANSACCION (IDDETALLETRANSACCION,IDTRANSACCION,IDDENOMINACION,CANTIDADENTREGADA) values (95,43,2,20);
REM INSERTING into DGOMEZTAGLEGCAJERO.RANGO
SET DEFINE OFF;
Insert into DGOMEZTAGLEGCAJERO.RANGO (IDRANGO,NOMBRE,MINRETIRO,MAXRETIRO) values (1,'Estandar',50,5000);
Insert into DGOMEZTAGLEGCAJERO.RANGO (IDRANGO,NOMBRE,MINRETIRO,MAXRETIRO) values (2,'Premium',50,15000);
REM INSERTING into DGOMEZTAGLEGCAJERO.TARJETA
SET DEFINE OFF;
Insert into DGOMEZTAGLEGCAJERO.TARJETA (IDTARJETA,IDUSUARIO,IDRANGO,IDBANCO,NUMTARJETA,PIN,FECHAVENCIMIENTO,STATUS_TARJETA) values (65,71,2,1,'31916539842395772362','1436',to_date('02/06/31','DD/MM/RR'),1);
Insert into DGOMEZTAGLEGCAJERO.TARJETA (IDTARJETA,IDUSUARIO,IDRANGO,IDBANCO,NUMTARJETA,PIN,FECHAVENCIMIENTO,STATUS_TARJETA) values (21,21,1,1,'2771966128814012','1234',to_date('29/05/31','DD/MM/RR'),1);
Insert into DGOMEZTAGLEGCAJERO.TARJETA (IDTARJETA,IDUSUARIO,IDRANGO,IDBANCO,NUMTARJETA,PIN,FECHAVENCIMIENTO,STATUS_TARJETA) values (22,22,1,1,'9794578905093408','1234',to_date('29/05/31','DD/MM/RR'),1);
Insert into DGOMEZTAGLEGCAJERO.TARJETA (IDTARJETA,IDUSUARIO,IDRANGO,IDBANCO,NUMTARJETA,PIN,FECHAVENCIMIENTO,STATUS_TARJETA) values (47,48,2,1,'7916731803774189','4321',to_date('02/06/31','DD/MM/RR'),1);
Insert into DGOMEZTAGLEGCAJERO.TARJETA (IDTARJETA,IDUSUARIO,IDRANGO,IDBANCO,NUMTARJETA,PIN,FECHAVENCIMIENTO,STATUS_TARJETA) values (48,49,2,1,'7953124769811051','4321',to_date('02/06/31','DD/MM/RR'),1);
Insert into DGOMEZTAGLEGCAJERO.TARJETA (IDTARJETA,IDUSUARIO,IDRANGO,IDBANCO,NUMTARJETA,PIN,FECHAVENCIMIENTO,STATUS_TARJETA) values (90,81,1,2,'51617216831767158553','1234',to_date('04/06/31','DD/MM/RR'),1);
Insert into DGOMEZTAGLEGCAJERO.TARJETA (IDTARJETA,IDUSUARIO,IDRANGO,IDBANCO,NUMTARJETA,PIN,FECHAVENCIMIENTO,STATUS_TARJETA) values (64,70,2,1,'84337966904916132787','4321',to_date('02/06/31','DD/MM/RR'),1);
Insert into DGOMEZTAGLEGCAJERO.TARJETA (IDTARJETA,IDUSUARIO,IDRANGO,IDBANCO,NUMTARJETA,PIN,FECHAVENCIMIENTO,STATUS_TARJETA) values (82,68,1,1,'48498286159190835574','1234',to_date('04/06/31','DD/MM/RR'),1);
Insert into DGOMEZTAGLEGCAJERO.TARJETA (IDTARJETA,IDUSUARIO,IDRANGO,IDBANCO,NUMTARJETA,PIN,FECHAVENCIMIENTO,STATUS_TARJETA) values (87,71,2,2,'47441373937247361821','1234',to_date('04/06/31','DD/MM/RR'),1);
Insert into DGOMEZTAGLEGCAJERO.TARJETA (IDTARJETA,IDUSUARIO,IDRANGO,IDBANCO,NUMTARJETA,PIN,FECHAVENCIMIENTO,STATUS_TARJETA) values (88,71,2,2,'91610168873061731388','1234',to_date('04/06/31','DD/MM/RR'),1);
Insert into DGOMEZTAGLEGCAJERO.TARJETA (IDTARJETA,IDUSUARIO,IDRANGO,IDBANCO,NUMTARJETA,PIN,FECHAVENCIMIENTO,STATUS_TARJETA) values (1,1,2,1,'12345678123456781234','1234',to_date('31/12/30','DD/MM/RR'),1);
Insert into DGOMEZTAGLEGCAJERO.TARJETA (IDTARJETA,IDUSUARIO,IDRANGO,IDBANCO,NUMTARJETA,PIN,FECHAVENCIMIENTO,STATUS_TARJETA) values (2,2,1,2,'43218765432187654321','4321',to_date('15/05/29','DD/MM/RR'),1);
Insert into DGOMEZTAGLEGCAJERO.TARJETA (IDTARJETA,IDUSUARIO,IDRANGO,IDBANCO,NUMTARJETA,PIN,FECHAVENCIMIENTO,STATUS_TARJETA) values (50,55,null,null,'8676047868956011',null,to_date('02/06/31','DD/MM/RR'),1);
Insert into DGOMEZTAGLEGCAJERO.TARJETA (IDTARJETA,IDUSUARIO,IDRANGO,IDBANCO,NUMTARJETA,PIN,FECHAVENCIMIENTO,STATUS_TARJETA) values (51,57,2,1,'4329269946510268','1234',to_date('02/06/31','DD/MM/RR'),1);
Insert into DGOMEZTAGLEGCAJERO.TARJETA (IDTARJETA,IDUSUARIO,IDRANGO,IDBANCO,NUMTARJETA,PIN,FECHAVENCIMIENTO,STATUS_TARJETA) values (52,58,2,1,'3361514889838899','1234',to_date('02/06/31','DD/MM/RR'),1);
Insert into DGOMEZTAGLEGCAJERO.TARJETA (IDTARJETA,IDUSUARIO,IDRANGO,IDBANCO,NUMTARJETA,PIN,FECHAVENCIMIENTO,STATUS_TARJETA) values (53,59,2,1,'4452368264964370','1234',to_date('02/06/31','DD/MM/RR'),1);
Insert into DGOMEZTAGLEGCAJERO.TARJETA (IDTARJETA,IDUSUARIO,IDRANGO,IDBANCO,NUMTARJETA,PIN,FECHAVENCIMIENTO,STATUS_TARJETA) values (54,60,1,1,'4982035318957536','1234',to_date('02/06/31','DD/MM/RR'),1);
Insert into DGOMEZTAGLEGCAJERO.TARJETA (IDTARJETA,IDUSUARIO,IDRANGO,IDBANCO,NUMTARJETA,PIN,FECHAVENCIMIENTO,STATUS_TARJETA) values (55,61,1,1,'4660364401644852','9614',to_date('02/06/31','DD/MM/RR'),1);
Insert into DGOMEZTAGLEGCAJERO.TARJETA (IDTARJETA,IDUSUARIO,IDRANGO,IDBANCO,NUMTARJETA,PIN,FECHAVENCIMIENTO,STATUS_TARJETA) values (56,62,1,1,'52149262400936827813','8525',to_date('02/06/31','DD/MM/RR'),1);
Insert into DGOMEZTAGLEGCAJERO.TARJETA (IDTARJETA,IDUSUARIO,IDRANGO,IDBANCO,NUMTARJETA,PIN,FECHAVENCIMIENTO,STATUS_TARJETA) values (57,63,1,1,'18523113594725120132','1234',to_date('02/06/31','DD/MM/RR'),1);
Insert into DGOMEZTAGLEGCAJERO.TARJETA (IDTARJETA,IDUSUARIO,IDRANGO,IDBANCO,NUMTARJETA,PIN,FECHAVENCIMIENTO,STATUS_TARJETA) values (58,64,2,1,'53203874157260299741','7496',to_date('02/06/31','DD/MM/RR'),1);
Insert into DGOMEZTAGLEGCAJERO.TARJETA (IDTARJETA,IDUSUARIO,IDRANGO,IDBANCO,NUMTARJETA,PIN,FECHAVENCIMIENTO,STATUS_TARJETA) values (59,65,2,2,'99999999999999999999','1436',to_date('02/06/31','DD/MM/RR'),1);
Insert into DGOMEZTAGLEGCAJERO.TARJETA (IDTARJETA,IDUSUARIO,IDRANGO,IDBANCO,NUMTARJETA,PIN,FECHAVENCIMIENTO,STATUS_TARJETA) values (60,66,1,1,'99999999999999999999','1436',to_date('02/06/31','DD/MM/RR'),1);
Insert into DGOMEZTAGLEGCAJERO.TARJETA (IDTARJETA,IDUSUARIO,IDRANGO,IDBANCO,NUMTARJETA,PIN,FECHAVENCIMIENTO,STATUS_TARJETA) values (61,67,null,null,'91388574708317014611',null,to_date('02/06/31','DD/MM/RR'),1);
Insert into DGOMEZTAGLEGCAJERO.TARJETA (IDTARJETA,IDUSUARIO,IDRANGO,IDBANCO,NUMTARJETA,PIN,FECHAVENCIMIENTO,STATUS_TARJETA) values (63,69,null,null,'29690465123261252509',null,to_date('02/06/31','DD/MM/RR'),1);
Insert into DGOMEZTAGLEGCAJERO.TARJETA (IDTARJETA,IDUSUARIO,IDRANGO,IDBANCO,NUMTARJETA,PIN,FECHAVENCIMIENTO,STATUS_TARJETA) values (66,72,2,2,'27356705404918472161','1436',to_date('02/06/31','DD/MM/RR'),1);
Insert into DGOMEZTAGLEGCAJERO.TARJETA (IDTARJETA,IDUSUARIO,IDRANGO,IDBANCO,NUMTARJETA,PIN,FECHAVENCIMIENTO,STATUS_TARJETA) values (67,73,1,2,'11131839610437552425','1436',to_date('02/06/31','DD/MM/RR'),1);
Insert into DGOMEZTAGLEGCAJERO.TARJETA (IDTARJETA,IDUSUARIO,IDRANGO,IDBANCO,NUMTARJETA,PIN,FECHAVENCIMIENTO,STATUS_TARJETA) values (102,81,2,2,'26392084098523918918','1234',to_date('05/06/31','DD/MM/RR'),1);
Insert into DGOMEZTAGLEGCAJERO.TARJETA (IDTARJETA,IDUSUARIO,IDRANGO,IDBANCO,NUMTARJETA,PIN,FECHAVENCIMIENTO,STATUS_TARJETA) values (103,101,1,1,'95173532850206088915','1234',to_date('05/06/31','DD/MM/RR'),1);
Insert into DGOMEZTAGLEGCAJERO.TARJETA (IDTARJETA,IDUSUARIO,IDRANGO,IDBANCO,NUMTARJETA,PIN,FECHAVENCIMIENTO,STATUS_TARJETA) values (89,71,2,2,'24596795263574793638','1234',to_date('04/06/31','DD/MM/RR'),1);
Insert into DGOMEZTAGLEGCAJERO.TARJETA (IDTARJETA,IDUSUARIO,IDRANGO,IDBANCO,NUMTARJETA,PIN,FECHAVENCIMIENTO,STATUS_TARJETA) values (83,68,2,2,'37881727084361985608','1234',to_date('04/06/31','DD/MM/RR'),1);
REM INSERTING into DGOMEZTAGLEGCAJERO.TRANSACCION
SET DEFINE OFF;
Insert into DGOMEZTAGLEGCAJERO.TRANSACCION (IDTRANSACCION,IDTARJETA,IDCAJERO,MONTO,FECHA,ESTADO) values (14,2,3,1000,to_date('27/05/26','DD/MM/RR'),1);
Insert into DGOMEZTAGLEGCAJERO.TRANSACCION (IDTRANSACCION,IDTARJETA,IDCAJERO,MONTO,FECHA,ESTADO) values (15,2,1,500,to_date('27/05/26','DD/MM/RR'),1);
Insert into DGOMEZTAGLEGCAJERO.TRANSACCION (IDTRANSACCION,IDTARJETA,IDCAJERO,MONTO,FECHA,ESTADO) values (16,1,1,10000,to_date('27/05/26','DD/MM/RR'),1);
Insert into DGOMEZTAGLEGCAJERO.TRANSACCION (IDTRANSACCION,IDTARJETA,IDCAJERO,MONTO,FECHA,ESTADO) values (17,1,1,500,to_date('27/05/26','DD/MM/RR'),1);
Insert into DGOMEZTAGLEGCAJERO.TRANSACCION (IDTRANSACCION,IDTARJETA,IDCAJERO,MONTO,FECHA,ESTADO) values (18,1,4,500,to_date('27/05/26','DD/MM/RR'),1);
Insert into DGOMEZTAGLEGCAJERO.TRANSACCION (IDTRANSACCION,IDTARJETA,IDCAJERO,MONTO,FECHA,ESTADO) values (19,1,4,50,to_date('27/05/26','DD/MM/RR'),1);
Insert into DGOMEZTAGLEGCAJERO.TRANSACCION (IDTRANSACCION,IDTARJETA,IDCAJERO,MONTO,FECHA,ESTADO) values (20,1,3,3000,to_date('27/05/26','DD/MM/RR'),1);
Insert into DGOMEZTAGLEGCAJERO.TRANSACCION (IDTRANSACCION,IDTARJETA,IDCAJERO,MONTO,FECHA,ESTADO) values (21,1,2,10000,to_date('27/05/26','DD/MM/RR'),1);
Insert into DGOMEZTAGLEGCAJERO.TRANSACCION (IDTRANSACCION,IDTARJETA,IDCAJERO,MONTO,FECHA,ESTADO) values (61,83,1,2000,to_date('04/06/26','DD/MM/RR'),1);
Insert into DGOMEZTAGLEGCAJERO.TRANSACCION (IDTRANSACCION,IDTARJETA,IDCAJERO,MONTO,FECHA,ESTADO) values (1,1,3,1000,to_date('25/05/26','DD/MM/RR'),1);
Insert into DGOMEZTAGLEGCAJERO.TRANSACCION (IDTRANSACCION,IDTARJETA,IDCAJERO,MONTO,FECHA,ESTADO) values (2,1,3,500,to_date('25/05/26','DD/MM/RR'),1);
Insert into DGOMEZTAGLEGCAJERO.TRANSACCION (IDTRANSACCION,IDTARJETA,IDCAJERO,MONTO,FECHA,ESTADO) values (3,1,3,1000,to_date('25/05/26','DD/MM/RR'),1);
Insert into DGOMEZTAGLEGCAJERO.TRANSACCION (IDTRANSACCION,IDTARJETA,IDCAJERO,MONTO,FECHA,ESTADO) values (4,1,3,1243,to_date('25/05/26','DD/MM/RR'),1);
Insert into DGOMEZTAGLEGCAJERO.TRANSACCION (IDTRANSACCION,IDTARJETA,IDCAJERO,MONTO,FECHA,ESTADO) values (5,1,3,1250.5,to_date('25/05/26','DD/MM/RR'),1);
Insert into DGOMEZTAGLEGCAJERO.TRANSACCION (IDTRANSACCION,IDTARJETA,IDCAJERO,MONTO,FECHA,ESTADO) values (7,1,3,1000,to_date('25/05/26','DD/MM/RR'),1);
Insert into DGOMEZTAGLEGCAJERO.TRANSACCION (IDTRANSACCION,IDTARJETA,IDCAJERO,MONTO,FECHA,ESTADO) values (22,1,2,2000,to_date('28/05/26','DD/MM/RR'),1);
Insert into DGOMEZTAGLEGCAJERO.TRANSACCION (IDTRANSACCION,IDTARJETA,IDCAJERO,MONTO,FECHA,ESTADO) values (44,65,1,1000,to_date('02/06/26','DD/MM/RR'),1);
Insert into DGOMEZTAGLEGCAJERO.TRANSACCION (IDTRANSACCION,IDTARJETA,IDCAJERO,MONTO,FECHA,ESTADO) values (47,65,1,500,to_date('02/06/26','DD/MM/RR'),1);
Insert into DGOMEZTAGLEGCAJERO.TRANSACCION (IDTRANSACCION,IDTARJETA,IDCAJERO,MONTO,FECHA,ESTADO) values (50,56,1,300,to_date('02/06/26','DD/MM/RR'),1);
Insert into DGOMEZTAGLEGCAJERO.TRANSACCION (IDTRANSACCION,IDTARJETA,IDCAJERO,MONTO,FECHA,ESTADO) values (55,56,27,369.5,to_date('02/06/26','DD/MM/RR'),1);
Insert into DGOMEZTAGLEGCAJERO.TRANSACCION (IDTRANSACCION,IDTARJETA,IDCAJERO,MONTO,FECHA,ESTADO) values (56,66,21,12500,to_date('02/06/26','DD/MM/RR'),1);
Insert into DGOMEZTAGLEGCAJERO.TRANSACCION (IDTRANSACCION,IDTARJETA,IDCAJERO,MONTO,FECHA,ESTADO) values (81,90,1,1000,to_date('05/06/26','DD/MM/RR'),1);
Insert into DGOMEZTAGLEGCAJERO.TRANSACCION (IDTRANSACCION,IDTARJETA,IDCAJERO,MONTO,FECHA,ESTADO) values (82,90,1,2000,to_date('05/06/26','DD/MM/RR'),1);
Insert into DGOMEZTAGLEGCAJERO.TRANSACCION (IDTRANSACCION,IDTARJETA,IDCAJERO,MONTO,FECHA,ESTADO) values (83,102,1,10000,to_date('05/06/26','DD/MM/RR'),1);
Insert into DGOMEZTAGLEGCAJERO.TRANSACCION (IDTRANSACCION,IDTARJETA,IDCAJERO,MONTO,FECHA,ESTADO) values (84,102,1,10000,to_date('05/06/26','DD/MM/RR'),1);
Insert into DGOMEZTAGLEGCAJERO.TRANSACCION (IDTRANSACCION,IDTARJETA,IDCAJERO,MONTO,FECHA,ESTADO) values (10,1,4,5000,to_date('26/05/26','DD/MM/RR'),1);
Insert into DGOMEZTAGLEGCAJERO.TRANSACCION (IDTRANSACCION,IDTARJETA,IDCAJERO,MONTO,FECHA,ESTADO) values (11,2,4,5000,to_date('26/05/26','DD/MM/RR'),1);
Insert into DGOMEZTAGLEGCAJERO.TRANSACCION (IDTRANSACCION,IDTARJETA,IDCAJERO,MONTO,FECHA,ESTADO) values (12,2,4,2000,to_date('26/05/26','DD/MM/RR'),1);
Insert into DGOMEZTAGLEGCAJERO.TRANSACCION (IDTRANSACCION,IDTARJETA,IDCAJERO,MONTO,FECHA,ESTADO) values (43,1,1,10000,to_date('01/06/26','DD/MM/RR'),1);
REM INSERTING into DGOMEZTAGLEGCAJERO.USUARIO
SET DEFINE OFF;
Insert into DGOMEZTAGLEGCAJERO.USUARIO (IDUSUARIO,NOMBRE,APELLIDOPATERNO,APELLIDOMATERNO,CELUAR,TELEFONO,EMAIL) values (71,'Alejandro','Gomez','Sanchez','1234567890','0987654321','ale@gmail.com');
Insert into DGOMEZTAGLEGCAJERO.USUARIO (IDUSUARIO,NOMBRE,APELLIDOPATERNO,APELLIDOMATERNO,CELUAR,TELEFONO,EMAIL) values (21,'Mariana','Gomez','Fernandez','5511223344','5544332211','mariana@email.com');
Insert into DGOMEZTAGLEGCAJERO.USUARIO (IDUSUARIO,NOMBRE,APELLIDOPATERNO,APELLIDOMATERNO,CELUAR,TELEFONO,EMAIL) values (22,'Juana','Gomez','Fernandez','5511223344','5544332211','mariana@email.com');
Insert into DGOMEZTAGLEGCAJERO.USUARIO (IDUSUARIO,NOMBRE,APELLIDOPATERNO,APELLIDOMATERNO,CELUAR,TELEFONO,EMAIL) values (48,'Carlos','Mendoza','García','5599887766','5511223344','carlos.mendoza@mail.com');
Insert into DGOMEZTAGLEGCAJERO.USUARIO (IDUSUARIO,NOMBRE,APELLIDOPATERNO,APELLIDOMATERNO,CELUAR,TELEFONO,EMAIL) values (49,'Carlos','Mendoza','García','5599887766','5511223344','carlos@mail.com');
Insert into DGOMEZTAGLEGCAJERO.USUARIO (IDUSUARIO,NOMBRE,APELLIDOPATERNO,APELLIDOMATERNO,CELUAR,TELEFONO,EMAIL) values (68,'Carlos','Mendoza','García','5599887766','5511223344','carlos@mail.com');
Insert into DGOMEZTAGLEGCAJERO.USUARIO (IDUSUARIO,NOMBRE,APELLIDOPATERNO,APELLIDOMATERNO,CELUAR,TELEFONO,EMAIL) values (70,'Carlos','Mendoza','García','5599887766','5511223344','carlos@mail.com');
Insert into DGOMEZTAGLEGCAJERO.USUARIO (IDUSUARIO,NOMBRE,APELLIDOPATERNO,APELLIDOMATERNO,CELUAR,TELEFONO,EMAIL) values (81,'Diego','Gómez Tagle','González','5578081966','5558786570','diegogomeztg@outlook.com');
Insert into DGOMEZTAGLEGCAJERO.USUARIO (IDUSUARIO,NOMBRE,APELLIDOPATERNO,APELLIDOMATERNO,CELUAR,TELEFONO,EMAIL) values (1,'Carlos','Mendoza','Ruiz','5551234567','5559876543','carlos@email.com');
Insert into DGOMEZTAGLEGCAJERO.USUARIO (IDUSUARIO,NOMBRE,APELLIDOPATERNO,APELLIDOMATERNO,CELUAR,TELEFONO,EMAIL) values (2,'Ana','Gomez','Lopez','5557654321','5551112233','ana@email.com');
Insert into DGOMEZTAGLEGCAJERO.USUARIO (IDUSUARIO,NOMBRE,APELLIDOPATERNO,APELLIDOMATERNO,CELUAR,TELEFONO,EMAIL) values (55,null,null,null,null,null,null);
Insert into DGOMEZTAGLEGCAJERO.USUARIO (IDUSUARIO,NOMBRE,APELLIDOPATERNO,APELLIDOMATERNO,CELUAR,TELEFONO,EMAIL) values (57,'Juan','Pérez','López','5512345678','5587654321','juanpablo121212.perez@example.com');
Insert into DGOMEZTAGLEGCAJERO.USUARIO (IDUSUARIO,NOMBRE,APELLIDOPATERNO,APELLIDOMATERNO,CELUAR,TELEFONO,EMAIL) values (58,'Juan','Pérez','López','5512345678','5587654321','12121.perez@example.com');
Insert into DGOMEZTAGLEGCAJERO.USUARIO (IDUSUARIO,NOMBRE,APELLIDOPATERNO,APELLIDOMATERNO,CELUAR,TELEFONO,EMAIL) values (59,'Juan','Pérez','López','5512345678','5587654321','juanPablo.perez@example.com');
Insert into DGOMEZTAGLEGCAJERO.USUARIO (IDUSUARIO,NOMBRE,APELLIDOPATERNO,APELLIDOMATERNO,CELUAR,TELEFONO,EMAIL) values (60,'Diego',null,'González','5578081966','5558786570','diegogomeztagle51@gmail.com');
Insert into DGOMEZTAGLEGCAJERO.USUARIO (IDUSUARIO,NOMBRE,APELLIDOPATERNO,APELLIDOMATERNO,CELUAR,TELEFONO,EMAIL) values (61,'Diego',null,'González','5578081966','5558786570','diegogomeztagle@gmail.com');
Insert into DGOMEZTAGLEGCAJERO.USUARIO (IDUSUARIO,NOMBRE,APELLIDOPATERNO,APELLIDOMATERNO,CELUAR,TELEFONO,EMAIL) values (62,'Pedro',null,'Yabadabadah','5578081966','5558786570','pedropicapiedra@gmail.com');
Insert into DGOMEZTAGLEGCAJERO.USUARIO (IDUSUARIO,NOMBRE,APELLIDOPATERNO,APELLIDOMATERNO,CELUAR,TELEFONO,EMAIL) values (63,'Juan','Perez','Mendoza','5558786570','5558786570','juanPerez81@gmail.com');
Insert into DGOMEZTAGLEGCAJERO.USUARIO (IDUSUARIO,NOMBRE,APELLIDOPATERNO,APELLIDOMATERNO,CELUAR,TELEFONO,EMAIL) values (64,'Pablo','Paco','Paches','5558786570','5578081966','pablopaco@gmail.com');
Insert into DGOMEZTAGLEGCAJERO.USUARIO (IDUSUARIO,NOMBRE,APELLIDOPATERNO,APELLIDOMATERNO,CELUAR,TELEFONO,EMAIL) values (65,'Francisco ','Franco','Frandiz','5578081966','5578081966','fran777@gmail.com');
Insert into DGOMEZTAGLEGCAJERO.USUARIO (IDUSUARIO,NOMBRE,APELLIDOPATERNO,APELLIDOMATERNO,CELUAR,TELEFONO,EMAIL) values (66,'Fernando','Fernandez','Fortuna','5578081966','5558786570','fer999@gmail.com');
Insert into DGOMEZTAGLEGCAJERO.USUARIO (IDUSUARIO,NOMBRE,APELLIDOPATERNO,APELLIDOMATERNO,CELUAR,TELEFONO,EMAIL) values (67,null,null,null,null,null,null);
Insert into DGOMEZTAGLEGCAJERO.USUARIO (IDUSUARIO,NOMBRE,APELLIDOPATERNO,APELLIDOMATERNO,CELUAR,TELEFONO,EMAIL) values (69,null,null,null,null,null,null);
Insert into DGOMEZTAGLEGCAJERO.USUARIO (IDUSUARIO,NOMBRE,APELLIDOPATERNO,APELLIDOMATERNO,CELUAR,TELEFONO,EMAIL) values (72,'Gabriel','Garcia','Toriz','5578081966','5558786570','gabriel777@gmail.com');
Insert into DGOMEZTAGLEGCAJERO.USUARIO (IDUSUARIO,NOMBRE,APELLIDOPATERNO,APELLIDOMATERNO,CELUAR,TELEFONO,EMAIL) values (73,'Diego','Gómez Tagle','González','5578081966','5558786570','diegogomeztaglegonzalez51@gmail.com');
Insert into DGOMEZTAGLEGCAJERO.USUARIO (IDUSUARIO,NOMBRE,APELLIDOPATERNO,APELLIDOMATERNO,CELUAR,TELEFONO,EMAIL) values (101,'Francisco ','Tagle','González','5578081966','5558786570','diegogomeztagle588@gmail.com');
--------------------------------------------------------
--  DDL for Procedure ADDCAJEROSP
--------------------------------------------------------
set define off;

  CREATE OR REPLACE NONEDITIONABLE PROCEDURE "DGOMEZTAGLEGCAJERO"."ADDCAJEROSP" (
    p_ubicacion IN VARCHAR2,
    p_estado    IN VARCHAR2
)
AS
    v_idCajero NUMBER;
    v_id_1000 NUMBER;
    v_id_500 NUMBER;
    v_id_200 NUMBER;
    v_id_100 NUMBER;
    v_id_50 NUMBER;
    v_id_20 NUMBER;
    v_id_10 NUMBER;
    v_id_5 NUMBER;
    v_id_2 NUMBER;
    v_id_1 NUMBER;
    v_id_05 NUMBER;
BEGIN
    -- Obtener IDs de denominaciones
    SELECT idDenominacion INTO v_id_1000 FROM DENOMINACION WHERE denominacion = 1000;
    SELECT idDenominacion INTO v_id_500 FROM DENOMINACION WHERE denominacion = 500;
    SELECT idDenominacion INTO v_id_200 FROM DENOMINACION WHERE denominacion = 200;
    SELECT idDenominacion INTO v_id_100 FROM DENOMINACION WHERE denominacion = 100;
    SELECT idDenominacion INTO v_id_50 FROM DENOMINACION WHERE denominacion = 50;
    SELECT idDenominacion INTO v_id_20 FROM DENOMINACION WHERE denominacion = 20;
    SELECT idDenominacion INTO v_id_10 FROM DENOMINACION WHERE denominacion = 10;
    SELECT idDenominacion INTO v_id_5 FROM DENOMINACION WHERE denominacion = 5;
    SELECT idDenominacion INTO v_id_2 FROM DENOMINACION WHERE denominacion = 2;
    SELECT idDenominacion INTO v_id_1 FROM DENOMINACION WHERE denominacion = 1;
    SELECT idDenominacion INTO v_id_05 FROM DENOMINACION WHERE denominacion = 0.5;

    -- Crear cajero
    INSERT INTO CAJERO (ubicacion, estado)
    VALUES (p_ubicacion, p_estado)
    RETURNING idCajero INTO v_idCajero;

    -- Asignar efectivo inicial
    INSERT INTO DETALLECAJERO (idcajero, idDenominacion, cantidadDisponible) VALUES (v_idCajero, v_id_1000, 2);
    INSERT INTO DETALLECAJERO (idcajero, idDenominacion, cantidadDisponible) VALUES (v_idCajero, v_id_500, 5);
    INSERT INTO DETALLECAJERO (idcajero, idDenominacion, cantidadDisponible) VALUES (v_idCajero, v_id_200, 10);
    INSERT INTO DETALLECAJERO (idcajero, idDenominacion, cantidadDisponible) VALUES (v_idCajero, v_id_100, 20);
    INSERT INTO DETALLECAJERO (idcajero, idDenominacion, cantidadDisponible) VALUES (v_idCajero, v_id_50, 30);
    INSERT INTO DETALLECAJERO (idcajero, idDenominacion, cantidadDisponible) VALUES (v_idCajero, v_id_20, 40);
    INSERT INTO DETALLECAJERO (idcajero, idDenominacion, cantidadDisponible) VALUES (v_idCajero, v_id_10, 50);
    INSERT INTO DETALLECAJERO (idcajero, idDenominacion, cantidadDisponible) VALUES (v_idCajero, v_id_5, 100);
    INSERT INTO DETALLECAJERO (idcajero, idDenominacion, cantidadDisponible) VALUES (v_idCajero, v_id_2, 200);
    INSERT INTO DETALLECAJERO (idcajero, idDenominacion, cantidadDisponible) VALUES (v_idCajero, v_id_1, 300);
    INSERT INTO DETALLECAJERO (idcajero, idDenominacion, cantidadDisponible) VALUES (v_idCajero, v_id_05, 100);

    COMMIT;

    DBMS_OUTPUT.PUT_LINE('Cajero creado correctamente con ID: ' || v_idCajero || ' y efectivo total de 12,550 pesos');

EXCEPTION
    WHEN OTHERS THEN
        ROLLBACK;
        RAISE_APPLICATION_ERROR(-20001, 'Error al crear cajero: ' || SQLERRM);
END AddCajeroSP;

/
--------------------------------------------------------
--  DDL for Procedure ADDTARJETAUNICASP
--------------------------------------------------------
set define off;

  CREATE OR REPLACE NONEDITIONABLE PROCEDURE "DGOMEZTAGLEGCAJERO"."ADDTARJETAUNICASP" (
    -- ID del Usuario existente
    p_id_usuario        IN NUMBER,
    -- Datos exclusivos de la Tarjeta
    p_id_banco          IN NUMBER,
    p_id_rango          IN NUMBER,
    p_pin               IN VARCHAR2,
    -- Salidas   
    p_resultado         OUT SYS_REFCURSOR 
) AS
    v_num_tarjeta VARCHAR2(200);
    v_existe      NUMBER;
BEGIN
    SELECT COUNT(1) INTO v_existe FROM USUARIO WHERE idUsuario = p_id_usuario;

    IF v_existe = 0 THEN
        raise_application_error(-20001, 'El ID de usuario proporcionado no existe.');
    END IF;


    v_num_tarjeta := TO_CHAR(TRUNC(DBMS_RANDOM.VALUE(10000000000000000000, 99999999999999999999)));

    INSERT INTO TARJETA (idUsuario, idRango, idBanco, NumTarjeta, pin, fechaVencimiento, status_tarjeta)
    VALUES (p_id_usuario, p_id_rango, p_id_banco, v_num_tarjeta, p_pin, ADD_MONTHS(SYSDATE, 60), 1);
    OPEN p_resultado FOR
        SELECT 
            u.idUsuario, u.nombre, u.apellidoPaterno, u.apellidoMaterno,
            t.idTarjeta, t.NumTarjeta, t.fechaVencimiento, t.status_tarjeta,
            b.idBanco, b.nombre AS nombreBanco,
            r.idRango, r.nombre AS nombreRango, r.minRetiro, r.maxRetiro
        FROM USUARIO u
        JOIN TARJETA t ON u.idUsuario = t.idUsuario AND t.NumTarjeta = v_num_tarjeta
        JOIN BANCO b   ON t.idBanco = b.idBanco
        JOIN RANGO r   ON t.idRango = r.idRango
        WHERE u.idUsuario = p_id_usuario;

EXCEPTION
    WHEN OTHERS THEN
        ROLLBACK;
        RAISE;
END;

/
--------------------------------------------------------
--  DDL for Procedure ADDUSERSP
--------------------------------------------------------
set define off;

  CREATE OR REPLACE NONEDITIONABLE PROCEDURE "DGOMEZTAGLEGCAJERO"."ADDUSERSP" (
    -- Datos del Usuario
    p_nombre            IN VARCHAR2,
    p_apellido_paterno  IN VARCHAR2,
    p_apellido_materno  IN VARCHAR2,
    p_celular           IN VARCHAR2,
    p_telefono          IN VARCHAR2,
    p_email             IN VARCHAR2,
    -- Datos de la Cuenta/Tarjeta
    p_id_banco          IN NUMBER,
    p_id_rango          IN NUMBER,
    p_saldo_inicial     IN NUMBER,
    p_pin               IN VARCHAR2,
    -- Salidas   
    p_resultado         OUT SYS_REFCURSOR 
) AS
    v_id_usuario  NUMBER;
    v_num_cuenta  NUMBER;
    v_num_tarjeta VARCHAR2(200);
BEGIN


    INSERT INTO USUARIO (nombre, apellidoPaterno, apellidoMaterno, celuar, telefono, email)
    VALUES (p_nombre, p_apellido_paterno, p_apellido_materno, p_celular, p_telefono, p_email)
    RETURNING idUsuario INTO v_id_usuario;

    v_num_cuenta := TRUNC(DBMS_RANDOM.VALUE(00000000, 99999999));

    INSERT INTO CUENTA (idUsuario, idBanco, NumCuenta, saldo)
    VALUES (v_id_usuario, p_id_banco, v_num_cuenta, p_saldo_inicial);
    v_num_tarjeta := LPAD(TRUNC(DBMS_RANDOM.VALUE(0, 99999999999999999999)), 20, '0');

    INSERT INTO TARJETA (idUsuario, idRango, idBanco, NumTarjeta, pin, fechaVencimiento, status_tarjeta)
    VALUES (v_id_usuario, p_id_rango, p_id_banco, v_num_tarjeta, p_pin, ADD_MONTHS(SYSDATE, 60), 1);

    OPEN p_resultado FOR
        SELECT 
            u.idUsuario, u.nombre, u.apellidoPaterno, u.apellidoMaterno, u.celuar, u.telefono, u.email,
            c.idCuenta, c.NumCuenta, c.saldo,
            t.idTarjeta, t.NumTarjeta, t.fechaVencimiento, t.status_tarjeta,
            b.idBanco, b.nombre AS nombreBanco,
            r.idRango, r.nombre AS nombreRango, r.minRetiro, r.maxRetiro
        FROM USUARIO u
        JOIN CUENTA c  ON u.idUsuario = c.idUsuario
        JOIN TARJETA t ON u.idUsuario = t.idUsuario
        JOIN BANCO b   ON c.idBanco = b.idBanco
        JOIN RANGO r   ON t.idRango = r.idRango
        WHERE u.idUsuario = v_id_usuario;

    

EXCEPTION
    WHEN OTHERS THEN
        ROLLBACK;
        RAISE;
        
END;

/
--------------------------------------------------------
--  DDL for Procedure DELETECAJEROSP
--------------------------------------------------------
set define off;

  CREATE OR REPLACE NONEDITIONABLE PROCEDURE "DGOMEZTAGLEGCAJERO"."DELETECAJEROSP" (
    PidCajero IN NUMBER
) AS
BEGIN
    DELETE FROM DETALLECAJERO WHERE idCajero = PidCajero;    
    DELETE FROM CAJERO WHERE idCajero = PidCajero;

    COMMIT;

EXCEPTION
    WHEN OTHERS THEN
        ROLLBACK;
        RAISE_APPLICATION_ERROR(-20001, 'Error al eliminar el cajero: ' || SQLERRM);
END deleteCajeroSP;

/
--------------------------------------------------------
--  DDL for Procedure GETALLBANCOSP
--------------------------------------------------------
set define off;

  CREATE OR REPLACE NONEDITIONABLE PROCEDURE "DGOMEZTAGLEGCAJERO"."GETALLBANCOSP" (
    PCURSOR OUT SYS_REFCURSOR
) AS
BEGIN
    OPEN PCURSOR FOR
    SELECT IDBANCO, NOMBRE FROM BANCO;      

END GetAllBancoSP;                          

/
--------------------------------------------------------
--  DDL for Procedure GETALLCAJEROSSP
--------------------------------------------------------
set define off;

  CREATE OR REPLACE NONEDITIONABLE PROCEDURE "DGOMEZTAGLEGCAJERO"."GETALLCAJEROSSP" (
    p_cursor OUT SYS_REFCURSOR 
) AS
BEGIN
    OPEN p_cursor FOR
    SELECT 
        C.idCajero,
        C.estado,
        C.ubicacion AS Ubicacion,
        SUM(D.denominacion * DC.cantidadDisponible) AS TOTAL
    FROM DETALLECAJERO DC
    JOIN CAJERO C ON DC.idcajero = C.idCajero
    JOIN DENOMINACION D ON DC.idDenominacion = D.idDenominacion
    GROUP BY C.idCajero, C.ubicacion, C.estado
    ORDER BY C.idCajero; 
END GetAllCajerosSp;

/
--------------------------------------------------------
--  DDL for Procedure GETALLRANGOSP
--------------------------------------------------------
set define off;

  CREATE OR REPLACE NONEDITIONABLE PROCEDURE "DGOMEZTAGLEGCAJERO"."GETALLRANGOSP" (
    PCURSOR OUT SYS_REFCURSOR
) AS
BEGIN
    OPEN PCURSOR FOR
    SELECT IDRANGO, NOMBRE, MINRETIRO, MAXRETIRO FROM RANGO;      

END GetAllRangoSP;  

/
--------------------------------------------------------
--  DDL for Procedure GETALLTARJETASBYIDUSUARIO
--------------------------------------------------------
set define off;

  CREATE OR REPLACE NONEDITIONABLE PROCEDURE "DGOMEZTAGLEGCAJERO"."GETALLTARJETASBYIDUSUARIO" (
    PidUsuario IN number,
    Pcursor    OUT SYS_REFCURSOR
) AS
BEGIN
    OPEN Pcursor FOR
        SELECT 
            t.idTarjeta,
            t.NumTarjeta,
            t.idUsuario,
            t.fechaVencimiento,
            t.pin,
            t.status_tarjeta AS status,
            t.idRango,
            r.nombre AS nombreRango,
            b.idBanco,
            b.nombre AS nombreBanco
        FROM 
            TARJETA t
        INNER JOIN 
            BANCO b ON t.idBanco = b.idBanco
        LEFT JOIN 
            RANGO r ON t.idRango = r.idRango
        WHERE 
            t.idUsuario = PidUsuario;
END GetAllTarjetasByIdUsuario;

/
--------------------------------------------------------
--  DDL for Procedure GETBYNUMTARJETA
--------------------------------------------------------
set define off;

  CREATE OR REPLACE NONEDITIONABLE PROCEDURE "DGOMEZTAGLEGCAJERO"."GETBYNUMTARJETA" (
    PNumTarjeta IN VARCHAR,
    PCursor   OUT SYS_REFCURSOR
)AS
BEGIN
    OPEN PCursor FOR
    SELECT IDTARJETA, IDUSUARIO, IDRANGO, IDBANCO, NUMTARJETA, PIN, FECHAVENCIMIENTO, STATUS_TARJETA as STATUS FROM TARJETA WHERE NUMTARJETA = PNumTarjeta;

END GetByNumTarjeta;

/
--------------------------------------------------------
--  DDL for Procedure PR_CREAR_CAJERO
--------------------------------------------------------
set define off;

  CREATE OR REPLACE NONEDITIONABLE PROCEDURE "DGOMEZTAGLEGCAJERO"."PR_CREAR_CAJERO" (
    p_ubicacion IN VARCHAR2,
    p_estado    IN VARCHAR2
)
AS
    v_idCajero NUMBER;
    v_id_1000 NUMBER;
    v_id_500 NUMBER;
    v_id_200 NUMBER;
    v_id_100 NUMBER;
    v_id_50 NUMBER;
    v_id_20 NUMBER;
    v_id_10 NUMBER;
    v_id_5 NUMBER;
    v_id_2 NUMBER;
    v_id_1 NUMBER;
    v_id_05 NUMBER;
BEGIN
    -- Obtener IDs de denominaciones
    SELECT idDenominacion INTO v_id_1000 FROM DENOMINACION WHERE denominacion = 1000;
    SELECT idDenominacion INTO v_id_500 FROM DENOMINACION WHERE denominacion = 500;
    SELECT idDenominacion INTO v_id_200 FROM DENOMINACION WHERE denominacion = 200;
    SELECT idDenominacion INTO v_id_100 FROM DENOMINACION WHERE denominacion = 100;
    SELECT idDenominacion INTO v_id_50 FROM DENOMINACION WHERE denominacion = 50;
    SELECT idDenominacion INTO v_id_20 FROM DENOMINACION WHERE denominacion = 20;
    SELECT idDenominacion INTO v_id_10 FROM DENOMINACION WHERE denominacion = 10;
    SELECT idDenominacion INTO v_id_5 FROM DENOMINACION WHERE denominacion = 5;
    SELECT idDenominacion INTO v_id_2 FROM DENOMINACION WHERE denominacion = 2;
    SELECT idDenominacion INTO v_id_1 FROM DENOMINACION WHERE denominacion = 1;
    SELECT idDenominacion INTO v_id_05 FROM DENOMINACION WHERE denominacion = 0.5;

    -- Crear cajero
    INSERT INTO CAJERO (ubicacion, estado)
    VALUES (p_ubicacion, p_estado)
    RETURNING idCajero INTO v_idCajero;

    -- Asignar efectivo inicial
    INSERT INTO DETALLECAJERO (idcajero, idDenominacion, cantidadDisponible) VALUES (v_idCajero, v_id_1000, 2);
    INSERT INTO DETALLECAJERO (idcajero, idDenominacion, cantidadDisponible) VALUES (v_idCajero, v_id_500, 5);
    INSERT INTO DETALLECAJERO (idcajero, idDenominacion, cantidadDisponible) VALUES (v_idCajero, v_id_200, 10);
    INSERT INTO DETALLECAJERO (idcajero, idDenominacion, cantidadDisponible) VALUES (v_idCajero, v_id_100, 20);
    INSERT INTO DETALLECAJERO (idcajero, idDenominacion, cantidadDisponible) VALUES (v_idCajero, v_id_50, 30);
    INSERT INTO DETALLECAJERO (idcajero, idDenominacion, cantidadDisponible) VALUES (v_idCajero, v_id_20, 40);
    INSERT INTO DETALLECAJERO (idcajero, idDenominacion, cantidadDisponible) VALUES (v_idCajero, v_id_10, 50);
    INSERT INTO DETALLECAJERO (idcajero, idDenominacion, cantidadDisponible) VALUES (v_idCajero, v_id_5, 100);
    INSERT INTO DETALLECAJERO (idcajero, idDenominacion, cantidadDisponible) VALUES (v_idCajero, v_id_2, 200);
    INSERT INTO DETALLECAJERO (idcajero, idDenominacion, cantidadDisponible) VALUES (v_idCajero, v_id_1, 300);
    INSERT INTO DETALLECAJERO (idcajero, idDenominacion, cantidadDisponible) VALUES (v_idCajero, v_id_05, 100);

    COMMIT;

    DBMS_OUTPUT.PUT_LINE('Cajero creado correctamente con ID: ' || v_idCajero || ' y efectivo total de 12,550 pesos');

EXCEPTION
    WHEN OTHERS THEN
        ROLLBACK;
        RAISE_APPLICATION_ERROR(-20001, 'Error al crear cajero: ' || SQLERRM);
END PR_CREAR_CAJERO;

/
--------------------------------------------------------
--  DDL for Procedure PR_CREAR_USUARIO_COMPLETO
--------------------------------------------------------
set define off;

  CREATE OR REPLACE NONEDITIONABLE PROCEDURE "DGOMEZTAGLEGCAJERO"."PR_CREAR_USUARIO_COMPLETO" (
    -- Datos del Usuario
    p_nombre            IN VARCHAR2,
    p_apellido_paterno  IN VARCHAR2,
    p_apellido_materno  IN VARCHAR2,
    p_celular           IN VARCHAR2,
    p_telefono          IN VARCHAR2,
    p_email             IN VARCHAR2,
    -- Datos de la Cuenta/Tarjeta
    p_id_banco          IN NUMBER,
    p_id_rango          IN NUMBER,
    p_saldo_inicial     IN NUMBER,
    p_pin               IN VARCHAR2,
    -- Salidas
    p_codigo_error      OUT NUMBER,
    p_mensaje_error     OUT VARCHAR2,
    p_resultado         OUT SYS_REFCURSOR 
) AS
    v_id_usuario  NUMBER;
    v_num_cuenta  NUMBER;
    v_num_tarjeta VARCHAR2(200);
BEGIN
    p_codigo_error := 0;
    p_mensaje_error := 'Usuario creado exitosamente con cuenta y tarjeta.';

    INSERT INTO USUARIO (nombre, apellidoPaterno, apellidoMaterno, celuar, telefono, email)
    VALUES (p_nombre, p_apellido_paterno, p_apellido_materno, p_celular, p_telefono, p_email)
    RETURNING idUsuario INTO v_id_usuario;

    v_num_cuenta := TRUNC(DBMS_RANDOM.VALUE(10000000, 99999999));

    INSERT INTO CUENTA (idUsuario, idBanco, NumCuenta, saldo)
    VALUES (v_id_usuario, p_id_banco, v_num_cuenta, p_saldo_inicial);

    v_num_tarjeta := TO_CHAR(TRUNC(DBMS_RANDOM.VALUE(1000000000000000, 9999999999999999)));

    INSERT INTO TARJETA (idUsuario, idRango, idBanco, NumTarjeta, pin, fechaVencimiento, status_tarjeta)
    VALUES (v_id_usuario, p_id_rango, p_id_banco, v_num_tarjeta, p_pin, ADD_MONTHS(SYSDATE, 60), 1);

    OPEN p_resultado FOR
        SELECT 
            u.idUsuario, u.nombre, u.apellidoPaterno, u.apellidoMaterno, u.celuar, u.telefono, u.email,
            c.idCuenta, c.NumCuenta, c.saldo,
            t.idTarjeta, t.NumTarjeta, t.fechaVencimiento, t.status_tarjeta,
            b.nombre AS nombre_banco,
            r.nombre AS nombre_rango
        FROM USUARIO u
        JOIN CUENTA c  ON u.idUsuario = c.idUsuario
        JOIN TARJETA t ON u.idUsuario = t.idUsuario
        JOIN BANCO b   ON c.idBanco = b.idBanco
        JOIN RANGO r   ON t.idRango = r.idRango
        WHERE u.idUsuario = v_id_usuario;

    COMMIT;

EXCEPTION
    WHEN OTHERS THEN
        ROLLBACK;
        p_codigo_error := SQLCODE;
        p_mensaje_error := 'Error al crear el usuario: ' || SQLERRM;

        OPEN p_resultado FOR 
            SELECT * FROM USUARIO WHERE 1 = 0;
END;

/
--------------------------------------------------------
--  DDL for Procedure PR_REALIZAR_RETIRO
--------------------------------------------------------
set define off;

  CREATE OR REPLACE NONEDITIONABLE PROCEDURE "DGOMEZTAGLEGCAJERO"."PR_REALIZAR_RETIRO" (
    p_idTarjeta   IN NUMBER,
    p_idCajero    IN NUMBER,
    p_monto       IN NUMBER,
    p_resultado   OUT SYS_REFCURSOR
) AS
    v_idUsuario       NUMBER;
    v_saldoActual     NUMBER;
    v_minRetiro       NUMBER;
    v_maxRetiro       NUMBER;
    v_idTransaccion   NUMBER;
    v_montoRestante   NUMBER;
    v_piezasEntregar  NUMBER;

    CURSOR c_denominaciones IS
        SELECT dc.idDenominacion, d.denominacion, dc.cantidadDisponible
        FROM DetalleCajero dc
        JOIN DENOMINACION d ON dc.idDenominacion = d.idDenominacion
        WHERE dc.idcajero = p_idCajero AND dc.cantidadDisponible > 0
        ORDER BY d.denominacion DESC;

    EXC_FONDOS_INSUFICIENTES EXCEPTION;
    EXC_LIMITES_RANGO        EXCEPTION;
    EXC_SIN_EFECTIVO_CAJERO  EXCEPTION;
BEGIN
    -- 1. VALIDACIÓN: Obtener datos de la tarjeta
    SELECT t.idUsuario, r.minRetiro, r.maxRetiro
    INTO v_idUsuario, v_minRetiro, v_maxRetiro
    FROM TARJETA t
    JOIN RANGO r ON t.idRango = r.idRango
    WHERE t.idTarjeta = p_idTarjeta AND t.STATUS = 1;

    -- 2. VALIDACIÓN: Verificar límites
    IF p_monto < v_minRetiro OR p_monto > v_maxRetiro THEN
        RAISE EXC_LIMITES_RANGO;
    END IF;

    -- 3. VALIDACIÓN: Verificar saldo
    SELECT saldo INTO v_saldoActual
    FROM CUENTA
    WHERE idUsuario = v_idUsuario;

    IF v_saldoActual < p_monto THEN
        RAISE EXC_FONDOS_INSUFICIENTES;
    END IF;

    -- 4. Registrar la transacción inicial (estado 0 = pendiente)
    INSERT INTO TRANSACCION (idTarjeta, idCajero, monto, fecha, estado)
    VALUES (p_idTarjeta, p_idCajero, p_monto, SYSDATE, 0)
    RETURNING idTransaccion INTO v_idTransaccion;

    -- 5. ALGORITMO DE DESGLOSE DE EFECTIVO
    v_montoRestante := p_monto;

    FOR rec IN c_denominaciones LOOP
        IF v_montoRestante >= rec.denominacion THEN
            v_piezasEntregar := TRUNC(v_montoRestante / rec.denominacion);

            IF v_piezasEntregar > rec.cantidadDisponible THEN
                v_piezasEntregar := rec.cantidadDisponible;
            END IF;

            IF v_piezasEntregar > 0 THEN
                INSERT INTO DETALLETRANSACCION (idTransaccion, idDenominacion, CantidadEntregada)
                VALUES (v_idTransaccion, rec.idDenominacion, v_piezasEntregar);

                UPDATE DetalleCajero
                SET cantidadDisponible = cantidadDisponible - v_piezasEntregar
                WHERE idcajero = p_idCajero AND idDenominacion = rec.idDenominacion;

                v_montoRestante := v_montoRestante - (v_piezasEntregar * rec.denominacion);
            END IF;
        END IF;
    END LOOP;

    -- 6. VALIDACIÓN FINAL: ¿Se completó el monto?
    IF v_montoRestante > 0 THEN
        RAISE EXC_SIN_EFECTIVO_CAJERO;
    END IF;

    -- 7. FINALIZACIÓN EXITOSA: Actualizar saldo y estado de transacción
    UPDATE CUENTA
    SET saldo = saldo - p_monto
    WHERE idUsuario = v_idUsuario;

    UPDATE TRANSACCION SET estado = 1 WHERE idTransaccion = v_idTransaccion;

    -- 8. DEVOLVER LA TABLA DE RESULTADOS (Se agregaron datos de Usuario y Tarjeta)
    OPEN p_resultado FOR
        SELECT 
            T.idTransaccion AS Folio,
            U.nombre || ' ' || U.apellidoPaterno || ' ' || U.apellidoMaterno AS Usuario,
            TJ.NumTarjeta AS Tarjeta_Usada,
            CASE T.estado 
                WHEN 1 THEN 'EXITOSO' 
                ELSE 'PENDIENTE/ERROR' 
            END AS Status_Transaccion,
            DT.CantidadEntregada AS Cantidad,
            D.denominacion AS Denominacion,
            D.tipo AS Tipo,
            (D.denominacion * DT.CantidadEntregada) AS Subtotal
        FROM TRANSACCION T
        JOIN TARJETA TJ ON T.idTarjeta = TJ.idTarjeta
        JOIN USUARIO U ON TJ.idUsuario = U.idUsuario
        JOIN DETALLETRANSACCION DT ON T.idTransaccion = DT.idTransaccion
        JOIN DENOMINACION D ON DT.idDenominacion = D.idDenominacion
        WHERE T.idTransaccion = v_idTransaccion;

    COMMIT;

EXCEPTION
    WHEN EXC_LIMITES_RANGO THEN
        ROLLBACK;
        raise_application_error(-20001, 'Error: Monto fuera de límites (' || v_minRetiro || ' - ' || v_maxRetiro || ').');

    WHEN EXC_FONDOS_INSUFICIENTES THEN
        ROLLBACK;
        raise_application_error(-20002, 'Error: Saldo insuficiente.');

    WHEN EXC_SIN_EFECTIVO_CAJERO THEN
        ROLLBACK; 
        raise_application_error(-20003, 'Error: El cajero no cuenta con el efectivo suficiente.');

    WHEN NO_DATA_FOUND THEN
        ROLLBACK;
        raise_application_error(-20004, 'Error: Datos no encontrados. Verifica IDs.');

    WHEN OTHERS THEN
        ROLLBACK;
        raise_application_error(-20099, 'Error inesperado: ' || SQLERRM);
END;

/
--------------------------------------------------------
--  DDL for Procedure RETIROSP
--------------------------------------------------------
set define off;

  CREATE OR REPLACE NONEDITIONABLE PROCEDURE "DGOMEZTAGLEGCAJERO"."RETIROSP" (
    p_NumTarjeta  IN VARCHAR2,
    p_idCajero    IN NUMBER,
    p_monto       IN NUMBER,
    p_resultado   OUT SYS_REFCURSOR
) AS
    v_idTarjeta       NUMBER;
    v_idUsuario       NUMBER;
    v_saldoActual     NUMBER;
    v_minRetiro       NUMBER;
    v_maxRetiro       NUMBER;
    v_idTransaccion   NUMBER;
    v_montoRestante   NUMBER;
    v_piezasEntregar  NUMBER;
    v_statusTarjeta   NUMBER;

    CURSOR c_denominaciones IS
        SELECT dc.idDenominacion, d.denominacion, dc.cantidadDisponible
        FROM DETALLECAJERO dc
        JOIN DENOMINACION d ON dc.idDenominacion = d.idDenominacion
        WHERE dc.idcajero = p_idCajero AND dc.cantidadDisponible > 0
        ORDER BY d.denominacion DESC;

    EXC_FONDOS_INSUFICIENTES EXCEPTION;
    EXC_LIMITES_RANGO        EXCEPTION;
    EXC_SIN_EFECTIVO_CAJERO  EXCEPTION;
    EXC_TARJETA_INACTIVA     EXCEPTION;
    EXC_TARJETA_NO_EXISTE    EXCEPTION;

    PRAGMA EXCEPTION_INIT(EXC_FONDOS_INSUFICIENTES, -20002);
    PRAGMA EXCEPTION_INIT(EXC_LIMITES_RANGO, -20001);
    PRAGMA EXCEPTION_INIT(EXC_SIN_EFECTIVO_CAJERO, -20003);
    PRAGMA EXCEPTION_INIT(EXC_TARJETA_INACTIVA, -20005);
    PRAGMA EXCEPTION_INIT(EXC_TARJETA_NO_EXISTE, -20004);
BEGIN
    -- Obtener datos de la tarjeta usando el número de tarjeta
    BEGIN
        SELECT t.idTarjeta, t.idUsuario, t.status_tarjeta, r.minRetiro, r.maxRetiro
        INTO v_idTarjeta, v_idUsuario, v_statusTarjeta, v_minRetiro, v_maxRetiro
        FROM TARJETA t
        JOIN RANGO r ON t.idRango = r.idRango
        WHERE t.NumTarjeta = p_NumTarjeta;
    EXCEPTION
        WHEN NO_DATA_FOUND THEN
            RAISE EXC_TARJETA_NO_EXISTE;
    END;

    -- Verificar que la tarjeta esté activa
    IF v_statusTarjeta != 1 THEN
        RAISE EXC_TARJETA_INACTIVA;
    END IF;

    -- Verificar límites de la tarjeta
    IF p_monto < v_minRetiro OR p_monto > v_maxRetiro THEN
        RAISE EXC_LIMITES_RANGO;
    END IF;

    -- Verificar saldo del usuario
    SELECT saldo INTO v_saldoActual
    FROM CUENTA
    WHERE idUsuario = v_idUsuario;

    IF v_saldoActual < p_monto THEN
        RAISE EXC_FONDOS_INSUFICIENTES;
    END IF;

    -- Registrar la transacción inicial
    INSERT INTO TRANSACCION (idTarjeta, idCajero, monto, fecha, estado)
    VALUES (v_idTarjeta, p_idCajero, p_monto, SYSDATE, 0)
    RETURNING idTransaccion INTO v_idTransaccion;

    -- ALGORITMO DE DESGLOSE DE EFECTIVO
    v_montoRestante := p_monto;

    FOR rec IN c_denominaciones LOOP
        IF v_montoRestante >= rec.denominacion THEN
            v_piezasEntregar := FLOOR(v_montoRestante / rec.denominacion);

            IF v_piezasEntregar > rec.cantidadDisponible THEN
                v_piezasEntregar := rec.cantidadDisponible;
            END IF;

            IF v_piezasEntregar > 0 THEN
                INSERT INTO DETALLETRANSACCION (idTransaccion, idDenominacion, CantidadEntregada)
                VALUES (v_idTransaccion, rec.idDenominacion, v_piezasEntregar);

                UPDATE DETALLECAJERO
                SET cantidadDisponible = cantidadDisponible - v_piezasEntregar
                WHERE idcajero = p_idCajero AND idDenominacion = rec.idDenominacion;

                v_montoRestante := ROUND(v_montoRestante - (v_piezasEntregar * rec.denominacion), 2);
            END IF;
        END IF;

        EXIT WHEN v_montoRestante = 0;
    END LOOP;

    -- VALIDACIÓN FINAL DE SALDO DEL CAJERO
    IF v_montoRestante > 0 THEN
        RAISE EXC_SIN_EFECTIVO_CAJERO;
    END IF;

    -- Actualizar saldo de la cuenta
    UPDATE CUENTA
    SET saldo = saldo - p_monto
    WHERE idUsuario = v_idUsuario;

    -- Actualizar estado de transacción a exitoso
    UPDATE TRANSACCION SET estado = 1 WHERE idTransaccion = v_idTransaccion;

    COMMIT;

    -- DEVOLVER LA TABLA DE RESULTADOS
    OPEN p_resultado FOR
        SELECT 
            T.idTransaccion AS Folio,
            U.nombre || ' ' || U.apellidoPaterno || ' ' || U.apellidoMaterno AS Usuario,
            CU.NumCuenta AS NUMEROCUENTA,
            TJ.NumTarjeta AS TARJETAUSADA,
            CASE T.estado 
                WHEN 1 THEN 'EXITOSO' 
                ELSE 'PENDIENTE/ERROR' 
            END AS StatusTransaccion,
            DT.CantidadEntregada AS Cantidad,
            D.denominacion AS Denominacion,
            D.tipo AS Tipo,
            (D.denominacion * DT.CantidadEntregada) AS Subtotal
        FROM TRANSACCION T
        JOIN TARJETA TJ ON T.idTarjeta = TJ.idTarjeta
        JOIN USUARIO U ON TJ.idUsuario = U.idUsuario
        JOIN CUENTA CU ON U.idUsuario = CU.idUsuario
        JOIN DETALLETRANSACCION DT ON T.idTransaccion = DT.idTransaccion
        JOIN DENOMINACION D ON DT.idDenominacion = D.idDenominacion
        WHERE T.idTransaccion = v_idTransaccion;

EXCEPTION
    WHEN EXC_TARJETA_NO_EXISTE THEN
        ROLLBACK;
        RAISE_APPLICATION_ERROR(-20004, 'Error: Tarjeta no encontrada.');

    WHEN EXC_TARJETA_INACTIVA THEN
        ROLLBACK;
        RAISE_APPLICATION_ERROR(-20005, 'Error: Tarjeta inactiva.');

    WHEN EXC_LIMITES_RANGO THEN
        ROLLBACK;
        RAISE_APPLICATION_ERROR(-20001, 'Error: Monto fuera de límites (' || v_minRetiro || ' - ' || v_maxRetiro || ').');

    WHEN EXC_FONDOS_INSUFICIENTES THEN
        ROLLBACK;
        RAISE_APPLICATION_ERROR(-20002, 'Error: Saldo insuficiente del usuario.');

    WHEN EXC_SIN_EFECTIVO_CAJERO THEN
        ROLLBACK; 
        RAISE_APPLICATION_ERROR(-20003, 'Error: El cajero no cuenta con el efectivo suficiente para entregar el monto exacto.');

    WHEN OTHERS THEN
        ROLLBACK;
        RAISE_APPLICATION_ERROR(-20099, 'Error inesperado: ' || SQLERRM);
END RetiroSP;

/
--------------------------------------------------------
--  DDL for Procedure SP_OBTENER_USUARIO_COMPLETO
--------------------------------------------------------
set define off;

  CREATE OR REPLACE NONEDITIONABLE PROCEDURE "DGOMEZTAGLEGCAJERO"."SP_OBTENER_USUARIO_COMPLETO" (
    p_idUsuario IN NUMBER,
    p_cursor OUT SYS_REFCURSOR
) AS
BEGIN
    OPEN p_cursor FOR
        SELECT 
            -- Datos del Usuario
            U.idUsuario,
            U.nombre,
            U.apellidoPaterno,
            U.apellidoMaterno,
            U.celuar AS celular,
            U.telefono,
            U.email,
            -- Datos de la Cuenta
            C.idCuenta,
            C.NumCuenta,
            C.saldo,
            -- Datos del Banco (de la cuenta)
            B.idBanco AS idBancoCuenta,
            B.nombre AS nombreBancoCuenta,
            -- Datos de la Tarjeta
            T.idTarjeta,
            T.NumTarjeta,
            T.pin,
            T.fechaVencimiento,
            T.status_tarjeta AS status,
            -- Datos del Banco (de la tarjeta)
            TB.idBanco AS idBancoTarjeta,
            TB.nombre AS nombreBancoTarjeta,
            -- Datos del Rango
            R.idRango,
            R.nombre AS nombreRango,
            R.minRetiro,
            R.maxRetiro
        FROM USUARIO U
        LEFT JOIN CUENTA C ON U.idUsuario = C.idUsuario
        LEFT JOIN BANCO B ON C.idBanco = B.idBanco
        LEFT JOIN TARJETA T ON U.idUsuario = T.idUsuario
        LEFT JOIN BANCO TB ON T.idBanco = TB.idBanco
        LEFT JOIN RANGO R ON T.idRango = R.idRango
        WHERE U.idUsuario = p_idUsuario;
END SP_OBTENER_USUARIO_COMPLETO;

/
--------------------------------------------------------
--  DDL for Procedure SP_OBTENER_USUARIO_POR_TARJETA
--------------------------------------------------------
set define off;

  CREATE OR REPLACE NONEDITIONABLE PROCEDURE "DGOMEZTAGLEGCAJERO"."SP_OBTENER_USUARIO_POR_TARJETA" (
    p_numTarjeta IN VARCHAR2,
    p_cursor OUT SYS_REFCURSOR
) AS
BEGIN
    OPEN p_cursor FOR
        SELECT 
            -- Datos del Usuario
            U.idUsuario,
            U.nombre,
            U.apellidoPaterno,
            U.apellidoMaterno,
            U.celuar AS celular,
            U.telefono,
            U.email,
            -- Datos de la Cuenta
            C.idCuenta,
            C.NumCuenta,
            C.saldo,
            -- Datos del Banco (de la cuenta)
            B.idBanco AS idBancoCuenta,
            B.nombre AS nombreBancoCuenta,
            -- Datos de la Tarjeta
            T.idTarjeta,
            T.NumTarjeta,
            T.pin,
            T.fechaVencimiento,
            T.status_tarjeta AS status,
            -- Datos del Banco (de la tarjeta)
            TB.idBanco AS idBancoTarjeta,
            TB.nombre AS nombreBancoTarjeta,
            -- Datos del Rango
            R.idRango,
            R.nombre AS nombreRango,
            R.minRetiro,
            R.maxRetiro
        FROM TARJETA T
        INNER JOIN USUARIO U ON T.idUsuario = U.idUsuario
        LEFT JOIN CUENTA C ON U.idUsuario = C.idUsuario
        LEFT JOIN BANCO B ON C.idBanco = B.idBanco
        LEFT JOIN BANCO TB ON T.idBanco = TB.idBanco
        LEFT JOIN RANGO R ON T.idRango = R.idRango
        WHERE T.NumTarjeta = p_numTarjeta;
END SP_OBTENER_USUARIO_POR_TARJETA;

/
--------------------------------------------------------
--  Constraints for Table TARJETA
--------------------------------------------------------

  ALTER TABLE "DGOMEZTAGLEGCAJERO"."TARJETA" MODIFY ("IDTARJETA" NOT NULL ENABLE);
  ALTER TABLE "DGOMEZTAGLEGCAJERO"."TARJETA" ADD PRIMARY KEY ("IDTARJETA")
  USING INDEX PCTFREE 10 INITRANS 2 MAXTRANS 255 
  STORAGE(INITIAL 65536 NEXT 1048576 MINEXTENTS 1 MAXEXTENTS 2147483645
  PCTINCREASE 0 FREELISTS 1 FREELIST GROUPS 1
  BUFFER_POOL DEFAULT FLASH_CACHE DEFAULT CELL_FLASH_CACHE DEFAULT)
  TABLESPACE "USERS"  ENABLE;
--------------------------------------------------------
--  Constraints for Table BANCO
--------------------------------------------------------

  ALTER TABLE "DGOMEZTAGLEGCAJERO"."BANCO" MODIFY ("IDBANCO" NOT NULL ENABLE);
  ALTER TABLE "DGOMEZTAGLEGCAJERO"."BANCO" ADD PRIMARY KEY ("IDBANCO")
  USING INDEX PCTFREE 10 INITRANS 2 MAXTRANS 255 
  STORAGE(INITIAL 65536 NEXT 1048576 MINEXTENTS 1 MAXEXTENTS 2147483645
  PCTINCREASE 0 FREELISTS 1 FREELIST GROUPS 1
  BUFFER_POOL DEFAULT FLASH_CACHE DEFAULT CELL_FLASH_CACHE DEFAULT)
  TABLESPACE "USERS"  ENABLE;
--------------------------------------------------------
--  Constraints for Table CUENTA
--------------------------------------------------------

  ALTER TABLE "DGOMEZTAGLEGCAJERO"."CUENTA" MODIFY ("IDCUENTA" NOT NULL ENABLE);
--------------------------------------------------------
--  Constraints for Table DENOMINACION
--------------------------------------------------------

  ALTER TABLE "DGOMEZTAGLEGCAJERO"."DENOMINACION" MODIFY ("IDDENOMINACION" NOT NULL ENABLE);
  ALTER TABLE "DGOMEZTAGLEGCAJERO"."DENOMINACION" ADD PRIMARY KEY ("IDDENOMINACION")
  USING INDEX PCTFREE 10 INITRANS 2 MAXTRANS 255 
  STORAGE(INITIAL 65536 NEXT 1048576 MINEXTENTS 1 MAXEXTENTS 2147483645
  PCTINCREASE 0 FREELISTS 1 FREELIST GROUPS 1
  BUFFER_POOL DEFAULT FLASH_CACHE DEFAULT CELL_FLASH_CACHE DEFAULT)
  TABLESPACE "USERS"  ENABLE;
--------------------------------------------------------
--  Constraints for Table DETALLETRANSACCION
--------------------------------------------------------

  ALTER TABLE "DGOMEZTAGLEGCAJERO"."DETALLETRANSACCION" MODIFY ("IDDETALLETRANSACCION" NOT NULL ENABLE);
  ALTER TABLE "DGOMEZTAGLEGCAJERO"."DETALLETRANSACCION" ADD PRIMARY KEY ("IDDETALLETRANSACCION")
  USING INDEX PCTFREE 10 INITRANS 2 MAXTRANS 255 
  STORAGE(INITIAL 65536 NEXT 1048576 MINEXTENTS 1 MAXEXTENTS 2147483645
  PCTINCREASE 0 FREELISTS 1 FREELIST GROUPS 1
  BUFFER_POOL DEFAULT FLASH_CACHE DEFAULT CELL_FLASH_CACHE DEFAULT)
  TABLESPACE "USERS"  ENABLE;
--------------------------------------------------------
--  Constraints for Table USUARIO
--------------------------------------------------------

  ALTER TABLE "DGOMEZTAGLEGCAJERO"."USUARIO" MODIFY ("IDUSUARIO" NOT NULL ENABLE);
  ALTER TABLE "DGOMEZTAGLEGCAJERO"."USUARIO" ADD PRIMARY KEY ("IDUSUARIO")
  USING INDEX PCTFREE 10 INITRANS 2 MAXTRANS 255 
  STORAGE(INITIAL 65536 NEXT 1048576 MINEXTENTS 1 MAXEXTENTS 2147483645
  PCTINCREASE 0 FREELISTS 1 FREELIST GROUPS 1
  BUFFER_POOL DEFAULT FLASH_CACHE DEFAULT CELL_FLASH_CACHE DEFAULT)
  TABLESPACE "USERS"  ENABLE;
--------------------------------------------------------
--  Constraints for Table RANGO
--------------------------------------------------------

  ALTER TABLE "DGOMEZTAGLEGCAJERO"."RANGO" MODIFY ("IDRANGO" NOT NULL ENABLE);
  ALTER TABLE "DGOMEZTAGLEGCAJERO"."RANGO" ADD PRIMARY KEY ("IDRANGO")
  USING INDEX PCTFREE 10 INITRANS 2 MAXTRANS 255 
  STORAGE(INITIAL 65536 NEXT 1048576 MINEXTENTS 1 MAXEXTENTS 2147483645
  PCTINCREASE 0 FREELISTS 1 FREELIST GROUPS 1
  BUFFER_POOL DEFAULT FLASH_CACHE DEFAULT CELL_FLASH_CACHE DEFAULT)
  TABLESPACE "USERS"  ENABLE;
--------------------------------------------------------
--  Constraints for Table DETALLECAJERO
--------------------------------------------------------

  ALTER TABLE "DGOMEZTAGLEGCAJERO"."DETALLECAJERO" MODIFY ("IDDETALLECAJERO" NOT NULL ENABLE);
--------------------------------------------------------
--  Constraints for Table CAJERO
--------------------------------------------------------

  ALTER TABLE "DGOMEZTAGLEGCAJERO"."CAJERO" MODIFY ("IDCAJERO" NOT NULL ENABLE);
  ALTER TABLE "DGOMEZTAGLEGCAJERO"."CAJERO" ADD PRIMARY KEY ("IDCAJERO")
  USING INDEX PCTFREE 10 INITRANS 2 MAXTRANS 255 
  STORAGE(INITIAL 65536 NEXT 1048576 MINEXTENTS 1 MAXEXTENTS 2147483645
  PCTINCREASE 0 FREELISTS 1 FREELIST GROUPS 1
  BUFFER_POOL DEFAULT FLASH_CACHE DEFAULT CELL_FLASH_CACHE DEFAULT)
  TABLESPACE "USERS"  ENABLE;
--------------------------------------------------------
--  Constraints for Table TRANSACCION
--------------------------------------------------------

  ALTER TABLE "DGOMEZTAGLEGCAJERO"."TRANSACCION" MODIFY ("IDTRANSACCION" NOT NULL ENABLE);
  ALTER TABLE "DGOMEZTAGLEGCAJERO"."TRANSACCION" ADD PRIMARY KEY ("IDTRANSACCION")
  USING INDEX PCTFREE 10 INITRANS 2 MAXTRANS 255 
  STORAGE(INITIAL 65536 NEXT 1048576 MINEXTENTS 1 MAXEXTENTS 2147483645
  PCTINCREASE 0 FREELISTS 1 FREELIST GROUPS 1
  BUFFER_POOL DEFAULT FLASH_CACHE DEFAULT CELL_FLASH_CACHE DEFAULT)
  TABLESPACE "USERS"  ENABLE;
--------------------------------------------------------
--  Ref Constraints for Table CUENTA
--------------------------------------------------------

  ALTER TABLE "DGOMEZTAGLEGCAJERO"."CUENTA" ADD FOREIGN KEY ("IDUSUARIO")
	  REFERENCES "DGOMEZTAGLEGCAJERO"."USUARIO" ("IDUSUARIO") ENABLE;
  ALTER TABLE "DGOMEZTAGLEGCAJERO"."CUENTA" ADD FOREIGN KEY ("IDBANCO")
	  REFERENCES "DGOMEZTAGLEGCAJERO"."BANCO" ("IDBANCO") ENABLE;
--------------------------------------------------------
--  Ref Constraints for Table DETALLECAJERO
--------------------------------------------------------

  ALTER TABLE "DGOMEZTAGLEGCAJERO"."DETALLECAJERO" ADD FOREIGN KEY ("IDCAJERO")
	  REFERENCES "DGOMEZTAGLEGCAJERO"."CAJERO" ("IDCAJERO") ENABLE;
  ALTER TABLE "DGOMEZTAGLEGCAJERO"."DETALLECAJERO" ADD FOREIGN KEY ("IDDENOMINACION")
	  REFERENCES "DGOMEZTAGLEGCAJERO"."DENOMINACION" ("IDDENOMINACION") ENABLE;
--------------------------------------------------------
--  Ref Constraints for Table DETALLETRANSACCION
--------------------------------------------------------

  ALTER TABLE "DGOMEZTAGLEGCAJERO"."DETALLETRANSACCION" ADD FOREIGN KEY ("IDTRANSACCION")
	  REFERENCES "DGOMEZTAGLEGCAJERO"."TRANSACCION" ("IDTRANSACCION") ENABLE;
  ALTER TABLE "DGOMEZTAGLEGCAJERO"."DETALLETRANSACCION" ADD FOREIGN KEY ("IDDENOMINACION")
	  REFERENCES "DGOMEZTAGLEGCAJERO"."DENOMINACION" ("IDDENOMINACION") ENABLE;
--------------------------------------------------------
--  Ref Constraints for Table TARJETA
--------------------------------------------------------

  ALTER TABLE "DGOMEZTAGLEGCAJERO"."TARJETA" ADD FOREIGN KEY ("IDUSUARIO")
	  REFERENCES "DGOMEZTAGLEGCAJERO"."USUARIO" ("IDUSUARIO") ENABLE;
  ALTER TABLE "DGOMEZTAGLEGCAJERO"."TARJETA" ADD FOREIGN KEY ("IDRANGO")
	  REFERENCES "DGOMEZTAGLEGCAJERO"."RANGO" ("IDRANGO") ENABLE;
  ALTER TABLE "DGOMEZTAGLEGCAJERO"."TARJETA" ADD FOREIGN KEY ("IDBANCO")
	  REFERENCES "DGOMEZTAGLEGCAJERO"."BANCO" ("IDBANCO") ENABLE;
--------------------------------------------------------
--  Ref Constraints for Table TRANSACCION
--------------------------------------------------------

  ALTER TABLE "DGOMEZTAGLEGCAJERO"."TRANSACCION" ADD FOREIGN KEY ("IDTARJETA")
	  REFERENCES "DGOMEZTAGLEGCAJERO"."TARJETA" ("IDTARJETA") ENABLE;
  ALTER TABLE "DGOMEZTAGLEGCAJERO"."TRANSACCION" ADD FOREIGN KEY ("IDCAJERO")
	  REFERENCES "DGOMEZTAGLEGCAJERO"."CAJERO" ("IDCAJERO") ENABLE;
